id,company_id,esb_id,name,branch_code,is_active,location_name,stock,available_stock,normalized_name,raw_data,synced_at,updated_at
1,2,1,HEAD OFFICE,HOF,true,,,,,{},2026-08-21 18:25:31.350348+00,2026-08-21 18:36:16.330407+00
2,3,1,CENTRAL KITCHEN PUSAT,HOF,true,,,,,{},2026-08-21 18:25:31.350348+00,2026-08-21 18:36:16.330407+00
3,3,6,HUB CK CIBINONG,CKCBN,true,,,,,{},2026-08-21 18:25:31.350348+00,2026-08-21 18:36:16.330407+00
4,3,5,HUB CK CIKARANG,CKCKR,true,,,,,{},2026-08-21 18:25:31.350348+00,2026-08-21 18:36:16.330407+00
5,3,7,HUB CK CIREBON,CKCRB,true,,,,,{},2026-08-21 18:25:31.350348+00,2026-08-21 18:36:16.330407+00
6,3,17,HUB CK DIMSUM,CKDIM,true,,,,,{},2026-08-21 18:25:31.350348+00,2026-08-21 18:36:16.330407+00
7,3,21,HUB CK GATSU BALI,CKGTS,true,,,,,{},2026-08-21 18:25:31.350348+00,2026-08-21 18:36:16.330407+00
8,3,3,HUB CK IJEN ARJUNO,CKMLG,true,,,,,{},2026-08-21 18:25:31.350348+00,2026-08-21 18:36:16.330407+00
9,3,12,HUB CK JOGJA JAKAL,CKJGJ,true,,,,,{},2026-08-21 18:25:31.350348+00,2026-08-21 18:36:16.330407+00
10,3,14,HUB CK KEDIRI,CKKDR,true,,,,,{},2026-08-21 18:25:31.350348+00,2026-08-21 18:36:16.330407+00
11,3,4,HUB CK NEW LENGKONG,CKBDG,true,,,,,{},2026-08-21 18:25:31.350348+00,2026-08-21 18:36:16.330407+00
12,3,20,HUB CK PEKALONGAN,HUB13,true,,,,,{},2026-08-21 18:25:31.350348+00,2026-08-21 18:36:16.330407+00
13,3,9,HUB CK PURWAKARTA,CKPRK,true,,,,,{},2026-08-21 18:25:31.350348+00,2026-08-21 18:36:16.330407+00
14,3,10,HUB CK PURWOKERTO,CKPRO,true,,,,,{},2026-08-21 18:25:31.350348+00,2026-08-21 18:36:16.330407+00
15,3,19,HUB CK RENON BALI,CKBLI,true,,,,,{},2026-08-21 18:25:31.350348+00,2026-08-21 18:36:16.330407+00
16,3,11,HUB CK SEMARANG PONCOL,CKSMR,true,,,,,{},2026-08-21 18:25:31.350348+00,2026-08-21 18:36:16.330407+00
17,3,8,HUB CK SERANG,CKSRG,true,,,,,{},2026-08-21 18:25:31.350348+00,2026-08-21 18:36:16.330407+00
18,3,16,HUB CK SIDOARJO,CKSDJ,true,,,,,{},2026-08-21 18:25:31.350348+00,2026-08-21 18:36:16.330407+00
19,3,13,HUB CK SOLO MANAHAN,CKSLO,true,,,,,{},2026-08-21 18:25:31.350348+00,2026-08-21 18:36:16.330407+00
20,3,18,HUB CK SUPRATMAN,CKSP,true,,,,,{},2026-08-21 18:25:31.350348+00,2026-08-21 18:36:16.330407+00
21,3,15,HUB CK SURABAYA,CKSBY,true,,,,,{},2026-08-21 18:25:31.350348+00,2026-08-21 18:36:16.330407+00
22,1,96,BULK ORDER  TOKOPEDIA,BULK2,true,,,,,"{""branchID"":96,""branchCode"":""BULK2"",""branchName"":""BULK ORDER  TOKOPEDIA""}",2026-08-21 18:25:31.350348+00,2026-08-28 06:00:08.431092+00
23,1,97,BULK ORDER ALBURUUJ,BULK3,true,,,,,"{""branchID"":97,""branchCode"":""BULK3"",""branchName"":""BULK ORDER ALBURUUJ""}",2026-08-21 18:25:31.350348+00,2026-08-28 06:00:08.431092+00
24,1,98,BULK ORDER BANDUNG,BULK4,true,,,,,"{""branchID"":98,""branchCode"":""BULK4"",""branchName"":""BULK ORDER BANDUNG""}",2026-08-21 18:25:31.350348+00,2026-08-28 06:00:08.431092+00
25,1,95,BULK ORDER JABODETABEK,BULK1,true,,,,,"{""branchID"":95,""branchCode"":""BULK1"",""branchName"":""BULK ORDER JABODETABEK""}",2026-08-21 18:25:31.350348+00,2026-08-28 06:00:08.431092+00
26,1,101,BULK ORDER MALANG,BULK7,true,,,,,"{""branchID"":101,""branchCode"":""BULK7"",""branchName"":""BULK ORDER MALANG""}",2026-08-21 18:25:31.350348+00,2026-08-28 06:00:08.431092+00
27,1,100,BULK ORDER SEMARANG,BULK6,true,,,,,"{""branchID"":100,""branchCode"":""BULK6"",""branchName"":""BULK ORDER SEMARANG""}",2026-08-21 18:25:31.350348+00,2026-08-28 06:00:08.431092+00
28,1,99,BULK ORDER SURABAYA,BULK5,true,,,,,"{""branchID"":99,""branchCode"":""BULK5"",""branchName"":""BULK ORDER SURABAYA""}",2026-08-21 18:25:31.350348+00,2026-08-28 06:00:08.431092+00
29,1,1,HEAD OFFICE,HOF,true,,,,,"{""branchID"":1,""branchCode"":""HOF"",""branchName"":""HEAD OFFICE""}",2026-08-21 18:25:31.350348+00,2026-08-28 06:00:08.431092+00
30,1,52,Kopi Calf Cipete Jakarta Selatan,CTG38,true,,,,,"{""branchID"":52,""branchCode"":""CTG38"",""branchName"":""Kopi Calf Cipete Jakarta Selatan""}",2026-08-21 18:25:31.350348+00,2026-08-28 06:00:08.431092+00
31,1,11,Kopi Calf Gor Satria Purwokerto,CCI10,true,,,,,"{""branchID"":11,""branchCode"":""CCI10"",""branchName"":""Kopi Calf Gor Satria Purwokerto""}",2026-08-21 18:25:31.350348+00,2026-08-28 06:00:08.431092+00
32,1,8,Kopi Calf Ijen Malang,CCI07,true,,,,,"{""branchID"":8,""branchCode"":""CCI07"",""branchName"":""Kopi Calf Ijen Malang""}",2026-08-21 18:25:31.350348+00,2026-08-28 06:00:08.431092+00
33,1,31,Kopi Calf Jatiwarna,CTG18,true,,,,,"{""branchID"":31,""branchCode"":""CTG18"",""branchName"":""Kopi Calf Jatiwarna""}",2026-08-21 18:25:31.350348+00,2026-08-28 06:00:08.431092+00
34,1,69,Kopi Calf Kartini Sidoarjo,CCI11,true,,,,,"{""branchID"":69,""branchCode"":""CCI11"",""branchName"":""Kopi Calf Kartini Sidoarjo""}",2026-08-21 18:25:31.350348+00,2026-08-28 06:00:08.431092+00
35,1,89,Kopi Calf Kediri,TGP16,true,,,,,"{""branchID"":89,""branchCode"":""TGP16"",""branchName"":""Kopi Calf Kediri""}",2026-08-21 18:25:31.350348+00,2026-08-28 06:00:08.431092+00
36,1,9,Kopi Calf Manahan Solo,CCI08,true,,,,,"{""branchID"":9,""branchCode"":""CCI08"",""branchName"":""Kopi Calf Manahan Solo""}",2026-08-21 18:25:31.350348+00,2026-08-28 06:00:08.431092+00
37,1,3,Kopi Calf Mancur Bogor,CCI02,true,,,,,"{""branchID"":3,""branchCode"":""CCI02"",""branchName"":""Kopi Calf Mancur Bogor""}",2026-08-21 18:25:31.350348+00,2026-08-28 06:00:08.431092+00
38,1,115,Kopi Calf Pekalongan,CCI95,true,,,,,"{""branchID"":115,""branchCode"":""CCI95"",""branchName"":""Kopi Calf Pekalongan""}",2026-08-21 18:25:31.350348+00,2026-08-28 06:00:08.431092+00
39,1,6,Kopi Calf Poncol Semarang,CCI05,true,,,,,"{""branchID"":6,""branchCode"":""CCI05"",""branchName"":""Kopi Calf Poncol Semarang""}",2026-08-21 18:25:31.350348+00,2026-08-28 06:00:08.431092+00
40,1,111,Kopi Calf Renon Bali,TGP2,true,,,,,"{""branchID"":111,""branchCode"":""TGP2"",""branchName"":""Kopi Calf Renon Bali""}",2026-08-21 18:25:31.350348+00,2026-08-28 06:00:08.431092+00
41,1,7,Kopi Calf Soehat Malang,CCI06,true,,,,,"{""branchID"":7,""branchCode"":""CCI06"",""branchName"":""Kopi Calf Soehat Malang""}",2026-08-21 18:25:31.350348+00,2026-08-28 06:00:08.431092+00
42,1,2,Kopi Calf Supratman Bandung,CCI01,true,,,,,"{""branchID"":2,""branchCode"":""CCI01"",""branchName"":""Kopi Calf Supratman Bandung""}",2026-08-21 18:25:31.350348+00,2026-08-28 06:00:08.431092+00
43,1,85,Kopi Calf To Go Ahmad Dahlan,CTG61,true,,,,,"{""branchID"":85,""branchCode"":""CTG61"",""branchName"":""Kopi Calf To Go Ahmad Dahlan""}",2026-08-21 18:25:31.350348+00,2026-08-28 06:00:08.431092+00
44,1,73,Kopi Calf To Go Arteri,CTG56,true,,,,,"{""branchID"":73,""branchCode"":""CTG56"",""branchName"":""Kopi Calf To Go Arteri""}",2026-08-21 18:25:31.350348+00,2026-08-28 06:00:08.431092+00
45,1,23,Kopi Calf To Go Bintaro Sektor 2,CTG10,true,,,,,"{""branchID"":23,""branchCode"":""CTG10"",""branchName"":""Kopi Calf To Go Bintaro Sektor 2""}",2026-08-21 18:25:31.350348+00,2026-08-28 06:00:08.431092+00
46,1,19,Kopi Calf To Go Bintaro Sektor 7,CTG08,true,,,,,"{""branchID"":19,""branchCode"":""CTG08"",""branchName"":""Kopi Calf To Go Bintaro Sektor 7""}",2026-08-21 18:25:31.350348+00,2026-08-28 06:00:08.431092+00
47,1,70,Kopi Calf To Go BTR,TGP05,true,,,,,"{""branchID"":70,""branchCode"":""TGP05"",""branchName"":""Kopi Calf To Go BTR""}",2026-08-21 18:25:31.350348+00,2026-08-28 06:00:08.431092+00
48,1,10,Kopi Calf To Go Buah Batu,CCI09,true,,,,,"{""branchID"":10,""branchCode"":""CCI09"",""branchName"":""Kopi Calf To Go Buah Batu""}",2026-08-21 18:25:31.350348+00,2026-08-28 06:00:08.431092+00
49,1,44,Kopi Calf To Go Ceger Bintaro,CTG31,true,,,,,"{""branchID"":44,""branchCode"":""CTG31"",""branchName"":""Kopi Calf To Go Ceger Bintaro""}",2026-08-21 18:25:31.350348+00,2026-08-28 06:00:08.431092+00
50,1,71,Kopi Calf To Go Cempaka Putih,CTG54,true,,,,,"{""branchID"":71,""branchCode"":""CTG54"",""branchName"":""Kopi Calf To Go Cempaka Putih""}",2026-08-21 18:25:31.350348+00,2026-08-28 06:00:08.431092+00
51,1,20,Kopi Calf To Go Ciater BSD,CTG09,true,,,,,"{""branchID"":20,""branchCode"":""CTG09"",""branchName"":""Kopi Calf To Go Ciater BSD""}",2026-08-21 18:25:31.350348+00,2026-08-28 06:00:08.431092+00
52,1,76,Kopi Calf To Go Cibinong,TGP07,true,,,,,"{""branchID"":76,""branchCode"":""TGP07"",""branchName"":""Kopi Calf To Go Cibinong""}",2026-08-21 18:25:31.350348+00,2026-08-28 06:00:08.431092+00
53,1,33,Kopi Calf To Go Cideng,CTG20,true,,,,,"{""branchID"":33,""branchCode"":""CTG20"",""branchName"":""Kopi Calf To Go Cideng""}",2026-08-21 18:25:31.350348+00,2026-08-28 06:00:08.431092+00
54,1,79,Kopi Calf To Go Cikarang,CTG58,true,,,,,"{""branchID"":79,""branchCode"":""CTG58"",""branchName"":""Kopi Calf To Go Cikarang""}",2026-08-21 18:25:31.350348+00,2026-08-28 06:00:08.431092+00
55,1,108,Kopi Calf To Go Cikupa Tangerang,TGP23,true,,,,,"{""branchID"":108,""branchCode"":""TGP23"",""branchName"":""Kopi Calf To Go Cikupa Tangerang""}",2026-08-21 18:25:31.350348+00,2026-08-28 06:00:08.431092+00
56,1,24,Kopi Calf To Go Ciledug,CTG11,true,,,,,"{""branchID"":24,""branchCode"":""CTG11"",""branchName"":""Kopi Calf To Go Ciledug""}",2026-08-21 18:25:31.350348+00,2026-08-28 06:00:08.431092+00
57,1,86,Kopi Calf To Go Cilegon,TGP13,true,,,,,"{""branchID"":86,""branchCode"":""TGP13"",""branchName"":""Kopi Calf To Go Cilegon""}",2026-08-21 18:25:31.350348+00,2026-08-28 06:00:08.431092+00
58,1,104,Kopi Calf To Go Cimahi,TGP19,true,,,,,"{""branchID"":104,""branchCode"":""TGP19"",""branchName"":""Kopi Calf To Go Cimahi""}",2026-08-21 18:25:31.350348+00,2026-08-28 06:00:08.431092+00
59,1,83,Kopi Calf To Go Cinere,TGP11,true,,,,,"{""branchID"":83,""branchCode"":""TGP11"",""branchName"":""Kopi Calf To Go Cinere""}",2026-08-21 18:25:31.350348+00,2026-08-28 06:00:08.431092+00
60,1,38,Kopi Calf To Go Cipayung,CTG25,true,,,,,"{""branchID"":38,""branchCode"":""CTG25"",""branchName"":""Kopi Calf To Go Cipayung""}",2026-08-21 18:25:31.350348+00,2026-08-28 06:00:08.431092+00
61,1,45,Kopi Calf To Go Ciputat,CTG32,true,,,,,"{""branchID"":45,""branchCode"":""CTG32"",""branchName"":""Kopi Calf To Go Ciputat""}",2026-08-21 18:25:31.350348+00,2026-08-28 06:00:08.431092+00
62,1,35,Kopi Calf To Go Citra Garden,CTG22,true,,,,,"{""branchID"":35,""branchCode"":""CTG22"",""branchName"":""Kopi Calf To Go Citra Garden""}",2026-08-21 18:25:31.350348+00,2026-08-28 06:00:08.431092+00
63,1,39,Kopi Calf To Go Condet,CTG26,true,,,,,"{""branchID"":39,""branchCode"":""CTG26"",""branchName"":""Kopi Calf To Go Condet""}",2026-08-21 18:25:31.350348+00,2026-08-28 06:00:08.431092+00
64,1,107,Kopi Calf To Go Depok 2 Tengah,TGP22,true,,,,,"{""branchID"":107,""branchCode"":""TGP22"",""branchName"":""Kopi Calf To Go Depok 2 Tengah""}",2026-08-21 18:25:31.350348+00,2026-08-28 06:00:08.431092+00
65,1,49,Kopi Calf To Go Depok Beji,CTG36,true,,,,,"{""branchID"":49,""branchCode"":""CTG36"",""branchName"":""Kopi Calf To Go Depok Beji""}",2026-08-21 18:25:31.350348+00,2026-08-28 06:00:08.431092+00
66,1,53,Kopi Calf To Go Fatmawati,CTG39,true,,,,,"{""branchID"":53,""branchCode"":""CTG39"",""branchName"":""Kopi Calf To Go Fatmawati""}",2026-08-21 18:25:31.350348+00,2026-08-28 06:00:08.431092+00
67,1,46,Kopi Calf To Go Gading Serpong,CTG33,true,,,,,"{""branchID"":46,""branchCode"":""CTG33"",""branchName"":""Kopi Calf To Go Gading Serpong""}",2026-08-21 18:25:31.350348+00,2026-08-28 06:00:08.431092+00
68,1,34,Kopi Calf To Go Gajah Mada,CTG21,true,,,,,"{""branchID"":34,""branchCode"":""CTG21"",""branchName"":""Kopi Calf To Go Gajah Mada""}",2026-08-21 18:25:31.350348+00,2026-08-28 06:00:08.431092+00
69,1,80,Kopi Calf To Go Galaxy,TGP10,true,,,,,"{""branchID"":80,""branchCode"":""TGP10"",""branchName"":""Kopi Calf To Go Galaxy""}",2026-08-21 18:25:31.350348+00,2026-08-28 06:00:08.431092+00
70,1,112,Kopi Calf To Go Gatot Subroto Bali,CCI1,true,,,,,"{""branchID"":112,""branchCode"":""CCI1"",""branchName"":""Kopi Calf To Go Gatot Subroto Bali""}",2026-08-21 18:25:31.350348+00,2026-08-28 06:00:08.431092+00
71,1,32,Kopi Calf To Go Graha Bintaro,CTG19,true,,,,,"{""branchID"":32,""branchCode"":""CTG19"",""branchName"":""Kopi Calf To Go Graha Bintaro""}",2026-08-21 18:25:31.350348+00,2026-08-28 06:00:08.431092+00
72,1,4,Kopi Calf To Go Halim Jaktim,CCI03,true,,,,,"{""branchID"":4,""branchCode"":""CCI03"",""branchName"":""Kopi Calf To Go Halim Jaktim""}",2026-08-21 18:25:31.350348+00,2026-08-28 06:00:08.431092+00
73,1,81,Kopi Calf To Go Harapan Indah,CTG59,true,,,,,"{""branchID"":81,""branchCode"":""CTG59"",""branchName"":""Kopi Calf To Go Harapan Indah""}",2026-08-21 18:25:31.350348+00,2026-08-28 06:00:08.431092+00
74,1,117,Kopi Calf To Go Industri Cikarang,TGP24,true,,,,,"{""branchID"":117,""branchCode"":""TGP24"",""branchName"":""Kopi Calf To Go Industri Cikarang""}",2026-08-21 18:25:31.350348+00,2026-08-28 06:00:08.431092+00
75,1,51,Kopi Calf To Go Jakal,TGP03,true,,,,,"{""branchID"":51,""branchCode"":""TGP03"",""branchName"":""Kopi Calf To Go Jakal""}",2026-08-21 18:25:31.350348+00,2026-08-28 06:00:08.431092+00
76,1,60,Kopi Calf To Go Jatibening,CTG46,true,,,,,"{""branchID"":60,""branchCode"":""CTG46"",""branchName"":""Kopi Calf To Go Jatibening""}",2026-08-21 18:25:31.350348+00,2026-08-28 06:00:08.431092+00
77,1,62,Kopi Calf To Go Jatikramat,CTG48,true,,,,,"{""branchID"":62,""branchCode"":""CTG48"",""branchName"":""Kopi Calf To Go Jatikramat""}",2026-08-21 18:25:31.350348+00,2026-08-28 06:00:08.431092+00
78,1,61,Kopi Calf To Go Jatiwaringin,CTG47,true,,,,,"{""branchID"":61,""branchCode"":""CTG47"",""branchName"":""Kopi Calf To Go Jatiwaringin""}",2026-08-21 18:25:31.350348+00,2026-08-28 06:00:08.431092+00
79,1,36,Kopi Calf To Go Joglo,CTG23,true,,,,,"{""branchID"":36,""branchCode"":""CTG23"",""branchName"":""Kopi Calf To Go Joglo""}",2026-08-21 18:25:31.350348+00,2026-08-28 06:00:08.431092+00
80,1,63,Kopi Calf To Go Kaliabang,CTG49,true,,,,,"{""branchID"":63,""branchCode"":""CTG49"",""branchName"":""Kopi Calf To Go Kaliabang""}",2026-08-21 18:25:31.350348+00,2026-08-28 06:00:08.431092+00
81,1,116,Kopi Calf To Go Karawaci Borobudur,CTG95,true,,,,,"{""branchID"":116,""branchCode"":""CTG95"",""branchName"":""Kopi Calf To Go Karawaci Borobudur""}",2026-08-21 18:25:31.350348+00,2026-08-28 06:00:08.431092+00
82,1,14,Kopi Calf To Go Kayu Putih,CTG03,true,,,,,"{""branchID"":14,""branchCode"":""CTG03"",""branchName"":""Kopi Calf To Go Kayu Putih""}",2026-08-21 18:25:31.350348+00,2026-08-28 06:00:08.431092+00
83,1,64,Kopi Calf To Go Kayuringin,CTG50,true,,,,,"{""branchID"":64,""branchCode"":""CTG50"",""branchName"":""Kopi Calf To Go Kayuringin""}",2026-08-21 18:25:31.350348+00,2026-08-28 06:00:08.431092+00
84,1,50,Kopi Calf To Go Kelapa Dua,CTG37,true,,,,,"{""branchID"":50,""branchCode"":""CTG37"",""branchName"":""Kopi Calf To Go Kelapa Dua""}",2026-08-21 18:25:31.350348+00,2026-08-28 06:00:08.431092+00
85,1,17,Kopi Calf To Go Kelapa Gading,CTG06,true,,,,,"{""branchID"":17,""branchCode"":""CTG06"",""branchName"":""Kopi Calf To Go Kelapa Gading""}",2026-08-21 18:25:31.350348+00,2026-08-28 06:00:08.431092+00
86,1,72,Kopi Calf To Go Kemayoran,CTG55,true,,,,,"{""branchID"":72,""branchCode"":""CTG55"",""branchName"":""Kopi Calf To Go Kemayoran""}",2026-08-21 18:25:31.350348+00,2026-08-28 06:00:08.431092+00
87,1,103,Kopi Calf To Go Kopo Bandung,TGP18,true,,,,,"{""branchID"":103,""branchCode"":""TGP18"",""branchName"":""Kopi Calf To Go Kopo Bandung""}",2026-08-21 18:25:31.350348+00,2026-08-28 06:00:08.431092+00
88,1,90,Kopi Calf To Go Kramat Kwitang,CTG62,true,,,,,"{""branchID"":90,""branchCode"":""CTG62"",""branchName"":""Kopi Calf To Go Kramat Kwitang""}",2026-08-21 18:25:31.350348+00,2026-08-28 06:00:08.431092+00
89,1,12,Kopi Calf To Go KS Tubun,CTG01,true,,,,,"{""branchID"":12,""branchCode"":""CTG01"",""branchName"":""Kopi Calf To Go KS Tubun""}",2026-08-21 18:25:31.350348+00,2026-08-28 06:00:08.431092+00
90,1,54,Kopi Calf To Go Lenteng Agung,CTG40,true,,,,,"{""branchID"":54,""branchCode"":""CTG40"",""branchName"":""Kopi Calf To Go Lenteng Agung""}",2026-08-21 18:25:31.350348+00,2026-08-28 06:00:08.431092+00
91,1,109,Kopi Calf To Go Mangunjaya,TGP,true,,,,,"{""branchID"":109,""branchCode"":""TGP"",""branchName"":""Kopi Calf To Go Mangunjaya""}",2026-08-21 18:25:31.350348+00,2026-08-28 06:00:08.431092+00
92,1,102,Kopi Calf To Go Manyar Surabaya,CTG65,true,,,,,"{""branchID"":102,""branchCode"":""CTG65"",""branchName"":""Kopi Calf To Go Manyar Surabaya""}",2026-08-21 18:25:31.350348+00,2026-08-28 06:00:08.431092+00
93,1,25,Kopi Calf To Go Mayestik,CTG12,true,,,,,"{""branchID"":25,""branchCode"":""CTG12"",""branchName"":""Kopi Calf To Go Mayestik""}",2026-08-21 18:25:31.350348+00,2026-08-28 06:00:08.431092+00
94,1,105,Kopi Calf To Go Mayjen Sungkono,TGP20,true,,,,,"{""branchID"":105,""branchCode"":""TGP20"",""branchName"":""Kopi Calf To Go Mayjen Sungkono""}",2026-08-21 18:25:31.350348+00,2026-08-28 06:00:08.431092+00
95,1,114,Kopi Calf To Go Mojokerto,CTG94,true,,,,,"{""branchID"":114,""branchCode"":""CTG94"",""branchName"":""Kopi Calf To Go Mojokerto""}",2026-08-21 18:25:31.350348+00,2026-08-28 06:00:08.431092+00
96,1,119,Kopi Calf To Go Narogong,TGP26,true,,,,,"{""branchID"":119,""branchCode"":""TGP26"",""branchName"":""Kopi Calf To Go Narogong""}",2026-08-21 18:25:31.350348+00,2026-08-28 06:00:08.431092+00
97,1,74,Kopi Calf To Go New Lengkong,TGP06,true,,,,,"{""branchID"":74,""branchCode"":""TGP06"",""branchName"":""Kopi Calf To Go New Lengkong""}",2026-08-21 18:25:31.350348+00,2026-08-28 06:00:08.431092+00
98,1,15,Kopi Calf To Go Otista,CTG04,true,,,,,"{""branchID"":15,""branchCode"":""CTG04"",""branchName"":""Kopi Calf To Go Otista""}",2026-08-21 18:25:31.350348+00,2026-08-28 06:00:08.431092+00
99,1,18,Kopi Calf To Go Pademangan,CTG07,true,,,,,"{""branchID"":18,""branchCode"":""CTG07"",""branchName"":""Kopi Calf To Go Pademangan""}",2026-08-21 18:25:31.350348+00,2026-08-28 06:00:08.431092+00
100,1,118,Kopi Calf To Go Pakansari Bogor,TGP25,true,,,,,"{""branchID"":118,""branchCode"":""TGP25"",""branchName"":""Kopi Calf To Go Pakansari Bogor""}",2026-08-21 18:25:31.350348+00,2026-08-28 06:00:08.431092+00
101,1,93,Kopi Calf To Go Pamulang,TGP17,true,,,,,"{""branchID"":93,""branchCode"":""TGP17"",""branchName"":""Kopi Calf To Go Pamulang""}",2026-08-21 18:25:31.350348+00,2026-08-28 06:00:08.431092+00
102,1,55,Kopi Calf To Go Pancoran,CTG41,true,,,,,"{""branchID"":55,""branchCode"":""CTG41"",""branchName"":""Kopi Calf To Go Pancoran""}",2026-08-21 18:25:31.350348+00,2026-08-28 06:00:08.431092+00
103,1,48,Kopi Calf To Go Pasar Lama,CTG35,true,,,,,"{""branchID"":48,""branchCode"":""CTG35"",""branchName"":""Kopi Calf To Go Pasar Lama""}",2026-08-21 18:25:31.350348+00,2026-08-28 06:00:08.431092+00
104,1,56,Kopi Calf To Go Pejaten,CTG42,true,,,,,"{""branchID"":56,""branchCode"":""CTG42"",""branchName"":""Kopi Calf To Go Pejaten""}",2026-08-21 18:25:31.350348+00,2026-08-28 06:00:08.431092+00
105,1,67,Kopi Calf To Go Pengasinan,CTG53,true,,,,,"{""branchID"":67,""branchCode"":""CTG53"",""branchName"":""Kopi Calf To Go Pengasinan""}",2026-08-21 18:25:31.350348+00,2026-08-28 06:00:08.431092+00
106,1,26,Kopi Calf To Go Permata Hijau,CTG13,true,,,,,"{""branchID"":26,""branchCode"":""CTG13"",""branchName"":""Kopi Calf To Go Permata Hijau""}",2026-08-21 18:25:31.350348+00,2026-08-28 06:00:08.431092+00
107,1,41,Kopi Calf To Go Pinang Ranti,CTG28,true,,,,,"{""branchID"":41,""branchCode"":""CTG28"",""branchName"":""Kopi Calf To Go Pinang Ranti""}",2026-08-21 18:25:31.350348+00,2026-08-28 06:00:08.431092+00
108,1,42,Kopi Calf To Go Pondok Bambu,CTG29,true,,,,,"{""branchID"":42,""branchCode"":""CTG29"",""branchName"":""Kopi Calf To Go Pondok Bambu""}",2026-08-21 18:25:31.350348+00,2026-08-28 06:00:08.431092+00
109,1,40,Kopi Calf To Go Pondok Kelapa,CTG27,true,,,,,"{""branchID"":40,""branchCode"":""CTG27"",""branchName"":""Kopi Calf To Go Pondok Kelapa""}",2026-08-21 18:25:31.350348+00,2026-08-28 06:00:08.431092+00
110,1,106,Kopi Calf To Go Poris Tangerang,TGP21,true,,,,,"{""branchID"":106,""branchCode"":""TGP21"",""branchName"":""Kopi Calf To Go Poris Tangerang""}",2026-08-21 18:25:31.350348+00,2026-08-28 06:00:08.431092+00
111,1,92,Kopi Calf To Go Pulo Jahe,CTG64,true,,,,,"{""branchID"":92,""branchCode"":""CTG64"",""branchName"":""Kopi Calf To Go Pulo Jahe""}",2026-08-21 18:25:31.350348+00,2026-08-28 06:00:08.431092+00
112,1,13,Kopi Calf To Go Puri Kembangan,CTG02,true,,,,,"{""branchID"":13,""branchCode"":""CTG02"",""branchName"":""Kopi Calf To Go Puri Kembangan""}",2026-08-21 18:25:31.350348+00,2026-08-28 06:00:08.431092+00
113,1,87,Kopi Calf To Go Purwakarta,TGP14,true,,,,,"{""branchID"":87,""branchCode"":""TGP14"",""branchName"":""Kopi Calf To Go Purwakarta""}",2026-08-21 18:25:31.350348+00,2026-08-28 06:00:08.431092+00
114,1,43,Kopi Calf To Go Raden Inten,CTG30,true,,,,,"{""branchID"":43,""branchCode"":""CTG30"",""branchName"":""Kopi Calf To Go Raden Inten""}",2026-08-21 18:25:31.350348+00,2026-08-28 06:00:08.431092+00
115,1,77,Kopi Calf To Go Serang,TGP08,true,,,,,"{""branchID"":77,""branchCode"":""TGP08"",""branchName"":""Kopi Calf To Go Serang""}",2026-08-21 18:25:31.350348+00,2026-08-28 06:00:08.431092+00
116,1,28,Kopi Calf To Go Setiabudi Dr Satrio,CTG15,true,,,,,"{""branchID"":28,""branchCode"":""CTG15"",""branchName"":""Kopi Calf To Go Setiabudi Dr Satrio""}",2026-08-21 18:25:31.350348+00,2026-08-28 06:00:08.431092+00
117,1,27,Kopi Calf To Go Setiabudi Karet,CTG14,true,,,,,"{""branchID"":27,""branchCode"":""CTG14"",""branchName"":""Kopi Calf To Go Setiabudi Karet""}",2026-08-21 18:25:31.350348+00,2026-08-28 06:00:08.431092+00
118,1,121,Kopi Calf To Go Seturan Baru,CTG,true,,,,,"{""branchID"":121,""branchCode"":""CTG"",""branchName"":""Kopi Calf To Go Seturan Baru""}",2026-08-21 18:25:31.350348+00,2026-08-28 06:00:08.431092+00
119,1,113,Kopi Calf To Go Singosari Semarang,TGP3,true,,,,,"{""branchID"":113,""branchCode"":""TGP3"",""branchName"":""Kopi Calf To Go Singosari Semarang""}",2026-08-21 18:25:31.350348+00,2026-08-28 06:00:08.431092+00
120,1,91,Kopi Calf To Go Slamet Riyadi Solo,CTG63,true,,,,,"{""branchID"":91,""branchCode"":""CTG63"",""branchName"":""Kopi Calf To Go Slamet Riyadi Solo""}",2026-08-21 18:25:31.350348+00,2026-08-28 06:00:08.431092+00
121,1,21,Kopi Calf To Go Surya Sumantri,TGP01,true,,,,,"{""branchID"":21,""branchCode"":""TGP01"",""branchName"":""Kopi Calf To Go Surya Sumantri""}",2026-08-21 18:25:31.350348+00,2026-08-28 06:00:08.431092+00
122,1,88,Kopi Calf To Go Tambun,TGP15,true,,,,,"{""branchID"":88,""branchCode"":""TGP15"",""branchName"":""Kopi Calf To Go Tambun""}",2026-08-21 18:25:31.350348+00,2026-08-28 06:00:08.431092+00
123,1,75,Kopi Calf To Go Tanah Kusir,CTG57,true,,,,,"{""branchID"":75,""branchCode"":""CTG57"",""branchName"":""Kopi Calf To Go Tanah Kusir""}",2026-08-21 18:25:31.350348+00,2026-08-28 06:00:08.431092+00
124,1,37,Kopi Calf To Go Tanjung Duren,CTG24,true,,,,,"{""branchID"":37,""branchCode"":""CTG24"",""branchName"":""Kopi Calf To Go Tanjung Duren""}",2026-08-21 18:25:31.350348+00,2026-08-28 06:00:08.431092+00
125,1,58,Kopi Calf To Go TB Simatupang,CTG44,true,,,,,"{""branchID"":58,""branchCode"":""CTG44"",""branchName"":""Kopi Calf To Go TB Simatupang""}",2026-08-21 18:25:31.350348+00,2026-08-28 06:00:08.431092+00
126,1,57,Kopi Calf To Go Tebet,CTG43,true,,,,,"{""branchID"":57,""branchCode"":""CTG43"",""branchName"":""Kopi Calf To Go Tebet""}",2026-08-21 18:25:31.350348+00,2026-08-28 06:00:08.431092+00
127,1,84,Kopi Calf To Go Tembalang,TGP12,true,,,,,"{""branchID"":84,""branchCode"":""TGP12"",""branchName"":""Kopi Calf To Go Tembalang""}",2026-08-21 18:25:31.350348+00,2026-08-28 06:00:08.431092+00
128,1,29,Kopi Calf To Go Tendean,CTG16,true,,,,,"{""branchID"":29,""branchCode"":""CTG16"",""branchName"":""Kopi Calf To Go Tendean""}",2026-08-21 18:25:31.350348+00,2026-08-28 06:00:08.431092+00
129,1,110,Kopi Calf To Go Tlogosari Semarang,TGP1,true,,,,,"{""branchID"":110,""branchCode"":""TGP1"",""branchName"":""Kopi Calf To Go Tlogosari Semarang""}",2026-08-21 18:25:31.350348+00,2026-08-28 06:00:08.431092+00
130,1,68,Kopi Calf To Go Tuparev Cirebon,TGP04,true,,,,,"{""branchID"":68,""branchCode"":""TGP04"",""branchName"":""Kopi Calf To Go Tuparev Cirebon""}",2026-08-21 18:25:31.350348+00,2026-08-28 06:00:08.431092+00
131,1,78,Kopi Calf To Go Tuparev Karawang,TGP09,true,,,,,"{""branchID"":78,""branchCode"":""TGP09"",""branchName"":""Kopi Calf To Go Tuparev Karawang""}",2026-08-21 18:25:31.350348+00,2026-08-28 06:00:08.431092+00
132,1,47,Kopi Calf To Go Viktor Puspitek,CTG34,true,,,,,"{""branchID"":47,""branchCode"":""CTG34"",""branchName"":""Kopi Calf To Go Viktor Puspitek""}",2026-08-21 18:25:31.350348+00,2026-08-28 06:00:08.431092+00
133,1,82,Kopi Calf To Go Wijaya,CTG60,true,,,,,"{""branchID"":82,""branchCode"":""CTG60"",""branchName"":""Kopi Calf To Go Wijaya""}",2026-08-21 18:25:31.350348+00,2026-08-28 06:00:08.431092+00
134,1,5,Kopi Calf Tunjungan Surabaya,CCI04,true,,,,,"{""branchID"":5,""branchCode"":""CCI04"",""branchName"":""Kopi Calf Tunjungan Surabaya""}",2026-08-21 18:25:31.350348+00,2026-08-28 06:00:08.431092+00
135,4,28,HUB WH BALI RENON DENPASAR,HUB23,true,,,,,{},2026-08-21 18:25:31.350348+00,2026-08-21 18:36:16.330407+00
136,4,5,HUB WH CIBINONG,WHCBN,true,,,,,{},2026-08-21 18:25:31.350348+00,2026-08-21 18:36:16.330407+00
137,4,2,HUB WH CILEGON,WHCG,true,,,,,{},2026-08-21 18:25:31.350348+00,2026-08-21 18:36:16.330407+00
138,4,23,HUB WH CIMAHI,HUB18,true,,,,,{},2026-08-21 18:25:31.350348+00,2026-08-21 18:36:16.330407+00
139,4,27,HUB WH CIPETE JAKARTA SELATAN,HUB22,true,,,,,{},2026-08-21 18:25:31.350348+00,2026-08-21 18:36:16.330407+00
140,4,9,HUB WH CIREBON,WHCRB,true,,,,,{},2026-08-21 18:25:31.350348+00,2026-08-21 18:36:16.330407+00
141,4,22,HUB WH KEDIRI,WHKDR,true,,,,,{},2026-08-21 18:25:31.350348+00,2026-08-21 18:36:16.330407+00
142,4,21,HUB WH MALANG IJEN,WHMJN,true,,,,,{},2026-08-21 18:25:31.350348+00,2026-08-21 18:36:16.330407+00
143,4,20,HUB WH MALANG SOEHAT,WHMST,true,,,,,{},2026-08-21 18:25:31.350348+00,2026-08-21 18:36:16.330407+00
144,4,6,HUB WH MANCUR,WHMCR,true,,,,,{},2026-08-21 18:25:31.350348+00,2026-08-21 18:36:16.330407+00
145,4,24,HUB WH MANYAR,HUB19,true,,,,,{},2026-08-21 18:25:31.350348+00,2026-08-21 18:36:16.330407+00
146,4,25,HUB WH MAYJEN SUNGKONO,HUB20,true,,,,,{},2026-08-21 18:25:31.350348+00,2026-08-21 18:36:16.330407+00
147,4,29,HUB WH MOJOKERTO,HUB24,true,,,,,{},2026-08-21 18:25:31.350348+00,2026-08-21 18:36:16.330407+00
148,4,26,HUB WH NEW LENGKONG,HUB21,true,,,,,{},2026-08-21 18:25:31.350348+00,2026-08-21 18:36:16.330407+00
149,4,30,HUB WH PEKALONGAN,HUB25,true,,,,,{},2026-08-21 18:25:31.350348+00,2026-08-21 18:36:16.330407+00
150,4,7,HUB WH PURWAKARTA,WHPRK,true,,,,,{},2026-08-21 18:25:31.350348+00,2026-08-21 18:36:16.330407+00
151,4,10,HUB WH PURWOKERTO,WHPRO,true,,,,,{},2026-08-21 18:25:31.350348+00,2026-08-21 18:36:16.330407+00
152,4,11,HUB WH SEMARANG PONCOL,WHPNC,true,,,,,{},2026-08-21 18:25:31.350348+00,2026-08-21 18:36:16.330407+00
153,4,3,HUB WH SERANG,WHSRG,true,,,,,{},2026-08-21 18:25:31.350348+00,2026-08-21 18:36:16.330407+00
154,4,19,HUB WH SIDOARJO,WHSDJ,true,,,,,{},2026-08-21 18:25:31.350348+00,2026-08-21 18:36:16.330407+00
155,4,12,HUB WH SOLO MANAHAN,WHSLO,true,,,,,{},2026-08-21 18:25:31.350348+00,2026-08-21 18:36:16.330407+00
156,4,8,HUB WH SUPRATMAN BANDUNG,WHSUP,true,,,,,{},2026-08-21 18:25:31.350348+00,2026-08-21 18:36:16.330407+00
157,4,18,HUB WH TUNJUNGAN,WHTJG,true,,,,,{},2026-08-21 18:25:31.350348+00,2026-08-21 18:36:16.330407+00
158,4,14,HUB WH YOGYAKARTA SETURAN,WHJGJ,true,,,,,{},2026-08-21 18:25:31.350348+00,2026-08-21 18:36:16.330407+00
159,4,31,VIRTUAL WH,VIRWH,true,,,,,{},2026-08-21 18:25:31.350348+00,2026-08-21 18:36:16.330407+00
160,4,32,WAREHOUSE MERCHANDISE,MERCH,true,,,,,{},2026-08-21 18:25:31.350348+00,2026-08-21 18:36:16.330407+00
161,4,1,WAREHOUSE PUSAT,HOF,true,,,,,{},2026-08-21 18:25:31.350348+00,2026-08-21 18:36:16.330407+00
162,6,7,COTR HUB CIPETE,COTR5,true,,,,,{},2026-08-21 18:25:31.350348+00,2026-08-21 18:36:16.330407+00
163,6,4,COTR HUB KWITANG,KTG,true,,,,,{},2026-08-21 18:25:31.350348+00,2026-08-21 18:36:16.330407+00
164,6,2,COTR HUB PALMERAH,PAL,true,,,,,{},2026-08-21 18:25:31.350348+00,2026-08-21 18:36:16.330407+00
165,6,6,COTR HUB PASAR MINGGU,PASMI,true,,,,,{},2026-08-21 18:25:31.350348+00,2026-08-21 18:36:16.330407+00
166,6,3,COTR HUB TEBET,TBT,true,,,,,{},2026-08-21 18:25:31.350348+00,2026-08-21 18:36:16.330407+00
167,6,5,HEAD OFFICE,HOC,true,,,,,{},2026-08-21 18:25:31.350348+00,2026-08-21 18:36:16.330407+00
168,6,1,STORAGE PALMERAH,HOF,true,,,,,{},2026-08-21 18:25:31.350348+00,2026-08-21 18:36:16.330407+00
517,1,123,Kopi Calf Jemursari,CCI12,true,,,,,"{""branchID"":123,""branchCode"":""CCI12"",""branchName"":""Kopi Calf Jemursari""}",2026-08-22 13:00:04.22091+00,2026-08-28 06:00:08.431092+00
571,1,122,Kopi Calf To Go Koja,CTG66,true,,,,,"{""branchID"":122,""branchCode"":""CTG66"",""branchName"":""Kopi Calf To Go Koja""}",2026-08-22 13:00:04.22091+00,2026-08-28 06:00:08.431092+00