id,company_id,esb_id,code,name,flag_active,raw_data,synced_at,updated_at
1,3,199,Unit,ADONAN@15000GR,true,{},2026-08-21 18:25:34.183797+00,2026-08-21 18:36:19.486079+00
2,3,171,Unit,BATCH@3000GR,true,{},2026-08-21 18:25:34.183797+00,2026-08-21 18:36:19.486079+00
3,3,172,Unit,BATCH@3200GR,true,{},2026-08-21 18:25:34.183797+00,2026-08-21 18:36:19.486079+00
4,3,173,Unit,BOX@100PCS,true,{},2026-08-21 18:25:34.183797+00,2026-08-21 18:36:19.486079+00
5,3,202,Unit,BOX@50PCS,true,{},2026-08-21 18:25:34.183797+00,2026-08-21 18:36:19.486079+00
6,3,184,Unit,BTL@1000GR,true,{},2026-08-21 18:25:34.183797+00,2026-08-21 18:36:19.486079+00
7,3,185,Unit,BTL@620GR,true,{},2026-08-21 18:25:34.183797+00,2026-08-21 18:36:19.486079+00
8,3,174,Unit,CTN@10BOX,true,{},2026-08-21 18:25:34.183797+00,2026-08-21 18:36:19.486079+00
9,3,189,Unit,CTN@12PCS,true,{},2026-08-21 18:25:34.183797+00,2026-08-21 18:36:19.486079+00
10,3,175,Unit,CTN@24PACK,true,{},2026-08-21 18:25:34.183797+00,2026-08-21 18:36:19.486079+00
11,3,192,Unit,CTN@24ROLL,true,{},2026-08-21 18:25:34.183797+00,2026-08-21 18:36:19.486079+00
12,3,190,Unit,CTN@6PCS,true,{},2026-08-21 18:25:34.183797+00,2026-08-21 18:36:19.486079+00
13,3,191,Unit,CTN@6ROLL,true,{},2026-08-21 18:25:34.183797+00,2026-08-21 18:36:19.486079+00
14,3,176,Unit,GALON@19000GR,true,{},2026-08-21 18:25:34.183797+00,2026-08-21 18:36:19.486079+00
15,3,182,Unit,GALON@6000ML,true,{},2026-08-21 18:25:34.183797+00,2026-08-21 18:36:19.486079+00
16,3,177,Weight,GR,true,{},2026-08-21 18:25:34.183797+00,2026-08-21 18:36:19.486079+00
17,3,200,Unit,KANTONG@7500GR,true,{},2026-08-21 18:25:34.183797+00,2026-08-21 18:36:19.486079+00
18,3,178,Unit,KARUNG@25KG,true,{},2026-08-21 18:25:34.183797+00,2026-08-21 18:36:19.486079+00
19,3,204,Unit,KARUNG@50KG,true,{},2026-08-21 18:25:34.183797+00,2026-08-21 18:36:19.486079+00
20,3,196,Unit,KG,true,{},2026-08-21 18:25:34.183797+00,2026-08-21 18:36:19.486079+00
21,3,179,Unit,KG@1000GR,true,{},2026-08-21 18:25:34.183797+00,2026-08-21 18:36:19.486079+00
22,3,180,Unit,PACK,true,{},2026-08-21 18:25:34.183797+00,2026-08-21 18:36:19.486079+00
23,3,183,Unit,PACK@1000GR,true,{},2026-08-21 18:25:34.183797+00,2026-08-21 18:36:19.486079+00
24,3,201,Unit,PACK@100PCS,true,{},2026-08-21 18:25:34.183797+00,2026-08-21 18:36:19.486079+00
25,3,203,Unit,PACK@1KG,true,{},2026-08-21 18:25:34.183797+00,2026-08-21 18:36:19.486079+00
26,3,198,Unit,PACK@2000GR,true,{},2026-08-21 18:25:34.183797+00,2026-08-21 18:36:19.486079+00
27,3,195,Unit,PACK@23PCS,true,{},2026-08-21 18:25:34.183797+00,2026-08-21 18:36:19.486079+00
28,3,187,Unit,PACK@500GR,true,{},2026-08-21 18:25:34.183797+00,2026-08-21 18:36:19.486079+00
29,3,186,Unit,PACK@50PCS,true,{},2026-08-21 18:25:34.183797+00,2026-08-21 18:36:19.486079+00
30,3,194,Unit,PACK@6PCS,true,{},2026-08-21 18:25:34.183797+00,2026-08-21 18:36:19.486079+00
31,3,181,Unit,PCS,true,{},2026-08-21 18:25:34.183797+00,2026-08-21 18:36:19.486079+00
32,3,188,Unit,PCS@1000GR,true,{},2026-08-21 18:25:34.183797+00,2026-08-21 18:36:19.486079+00
33,3,193,Unit,ROLL,true,{},2026-08-21 18:25:34.183797+00,2026-08-21 18:36:19.486079+00
34,3,197,Unit,TABUNG,true,{},2026-08-21 18:25:34.183797+00,2026-08-21 18:36:19.486079+00
35,4,171,Unit,BALL@100PCS,true,{},2026-08-21 18:25:34.183797+00,2026-08-21 18:36:19.486079+00
36,4,308,Unit,BALL@10KG,true,{},2026-08-21 18:25:34.183797+00,2026-08-21 18:36:19.486079+00
37,4,172,Unit,BALL@10PACK,true,{},2026-08-21 18:25:34.183797+00,2026-08-21 18:36:19.486079+00
38,4,173,Unit,BALL@12PCS,true,{},2026-08-21 18:25:34.183797+00,2026-08-21 18:36:19.486079+00
39,4,332,Unit,BALL@20PCS,true,{},2026-08-21 18:25:34.183797+00,2026-08-21 18:36:19.486079+00
40,4,174,Unit,BALL@250PCS,true,{},2026-08-21 18:25:34.183797+00,2026-08-21 18:36:19.486079+00
41,4,331,Unit,BALL@25KG,true,{},2026-08-21 18:25:34.183797+00,2026-08-21 18:36:19.486079+00
42,4,175,Unit,BALL@25PCS,true,{},2026-08-21 18:25:34.183797+00,2026-08-21 18:36:19.486079+00
43,4,176,Unit,BALL@50PACK,true,{},2026-08-21 18:25:34.183797+00,2026-08-21 18:36:19.486079+00
44,4,177,Unit,BALL@50PCS,true,{},2026-08-21 18:25:34.183797+00,2026-08-21 18:36:19.486079+00
45,4,178,Unit,BOX@100PCS,true,{},2026-08-21 18:25:34.183797+00,2026-08-21 18:36:19.486079+00
46,4,327,Unit,BOX@50PCS,true,{},2026-08-21 18:25:34.183797+00,2026-08-21 18:36:19.486079+00
47,4,179,Unit,BTL,true,{},2026-08-21 18:25:34.183797+00,2026-08-21 18:36:19.486079+00
48,4,306,Unit,BTL@1000GR,true,{},2026-08-21 18:25:34.183797+00,2026-08-21 18:36:19.486079+00
49,4,180,Unit,BTL@1040GR,true,{},2026-08-21 18:25:34.183797+00,2026-08-21 18:36:19.486079+00
50,4,181,Unit,BTL@1130GR,true,{},2026-08-21 18:25:34.183797+00,2026-08-21 18:36:19.486079+00
51,4,182,Unit,BTL@1270GR,true,{},2026-08-21 18:25:34.183797+00,2026-08-21 18:36:19.486079+00
52,4,183,Unit,BTL@1300GR,true,{},2026-08-21 18:25:34.183797+00,2026-08-21 18:36:19.486079+00
53,4,184,Unit,BTL@2100GR,true,{},2026-08-21 18:25:34.183797+00,2026-08-21 18:36:19.486079+00
54,4,185,Unit,BTL@2480GR,true,{},2026-08-21 18:25:34.183797+00,2026-08-21 18:36:19.486079+00
55,4,186,Unit,BTL@250GR,true,{},2026-08-21 18:25:34.183797+00,2026-08-21 18:36:19.486079+00
56,4,340,Unit,BTL@2540GR,true,{},2026-08-21 18:25:34.183797+00,2026-08-21 18:36:19.486079+00
57,4,187,Unit,BTL@300GR,true,{},2026-08-21 18:25:34.183797+00,2026-08-21 18:36:19.486079+00
58,4,324,Unit,BTL@320GR,true,{},2026-08-21 18:25:34.183797+00,2026-08-21 18:36:19.486079+00
59,4,188,Unit,BTL@550GR,true,{},2026-08-21 18:25:34.183797+00,2026-08-21 18:36:19.486079+00
60,4,316,Unit,BTL@600GR,true,{},2026-08-21 18:25:34.183797+00,2026-08-21 18:36:19.486079+00
61,4,307,Unit,BTL@620GR,true,{},2026-08-21 18:25:34.183797+00,2026-08-21 18:36:19.486079+00
62,4,189,Unit,BTL@775GR,true,{},2026-08-21 18:25:34.183797+00,2026-08-21 18:36:19.486079+00
63,4,190,Unit,BTL@850GR,true,{},2026-08-21 18:25:34.183797+00,2026-08-21 18:36:19.486079+00
64,4,191,Unit,BTL@930GR,true,{},2026-08-21 18:25:34.183797+00,2026-08-21 18:36:19.486079+00
65,4,192,Unit,BTL@960GR,true,{},2026-08-21 18:25:34.183797+00,2026-08-21 18:36:19.486079+00
66,4,193,Unit,CTN,true,{},2026-08-21 18:25:34.183797+00,2026-08-21 18:36:19.486079+00
67,4,194,Unit,CTN@104PACK,true,{},2026-08-21 18:25:34.183797+00,2026-08-21 18:36:19.486079+00
68,4,195,Unit,CTN@10BOX,true,{},2026-08-21 18:25:34.183797+00,2026-08-21 18:36:19.486079+00
69,4,302,Unit,CTN@10BTL,true,{},2026-08-21 18:25:34.183797+00,2026-08-21 18:36:19.486079+00
70,4,196,Unit,CTN@10PACK,true,{},2026-08-21 18:25:34.183797+00,2026-08-21 18:36:19.486079+00
71,4,197,Unit,CTN@10PCS,true,{},2026-08-21 18:25:34.183797+00,2026-08-21 18:36:19.486079+00
72,4,344,Unit,CTN@10POUCH,true,{},2026-08-21 18:25:34.183797+00,2026-08-21 18:36:19.486079+00
73,4,198,Unit,CTN@12BTL,true,{},2026-08-21 18:25:34.183797+00,2026-08-21 18:36:19.486079+00
74,4,199,Unit,CTN@12PACK,true,{},2026-08-21 18:25:34.183797+00,2026-08-21 18:36:19.486079+00
75,4,200,Unit,CTN@12PCS,true,{},2026-08-21 18:25:34.183797+00,2026-08-21 18:36:19.486079+00
76,4,201,Unit,CTN@12ROLL,true,{},2026-08-21 18:25:34.183797+00,2026-08-21 18:36:19.486079+00
77,4,202,Unit,CTN@14PCS,true,{},2026-08-21 18:25:34.183797+00,2026-08-21 18:36:19.486079+00
78,4,203,Unit,CTN@15PACK,true,{},2026-08-21 18:25:34.183797+00,2026-08-21 18:36:19.486079+00
79,4,204,Unit,CTN@16BTL,true,{},2026-08-21 18:25:34.183797+00,2026-08-21 18:36:19.486079+00
80,4,205,Unit,CTN@16PCS,true,{},2026-08-21 18:25:34.183797+00,2026-08-21 18:36:19.486079+00
81,4,328,Unit,CTN@16ROLL,true,{},2026-08-21 18:25:34.183797+00,2026-08-21 18:36:19.486079+00
82,4,206,Unit,CTN@20BALL,true,{},2026-08-21 18:25:34.183797+00,2026-08-21 18:36:19.486079+00
83,4,303,Unit,CTN@20BTL,true,{},2026-08-21 18:25:34.183797+00,2026-08-21 18:36:19.486079+00
84,4,207,Unit,CTN@20PACK,true,{},2026-08-21 18:25:34.183797+00,2026-08-21 18:36:19.486079+00
85,4,208,Unit,CTN@20PCS,true,{},2026-08-21 18:25:34.183797+00,2026-08-21 18:36:19.486079+00
86,4,209,Unit,CTN@21PCS,true,{},2026-08-21 18:25:34.183797+00,2026-08-21 18:36:19.486079+00
87,4,210,Unit,CTN@24BTL,true,{},2026-08-21 18:25:34.183797+00,2026-08-21 18:36:19.486079+00
88,4,211,Unit,CTN@24PACK,true,{},2026-08-21 18:25:34.183797+00,2026-08-21 18:36:19.486079+00
89,4,212,Unit,CTN@24PCS,true,{},2026-08-21 18:25:34.183797+00,2026-08-21 18:36:19.486079+00
90,4,213,Unit,CTN@24ROLL,true,{},2026-08-21 18:25:34.183797+00,2026-08-21 18:36:19.486079+00
91,4,338,Unit,CTN@25PACK,true,{},2026-08-21 18:25:34.183797+00,2026-08-21 18:36:19.486079+00
92,4,214,Unit,CTN@2PACK,true,{},2026-08-21 18:25:34.183797+00,2026-08-21 18:36:19.486079+00
93,4,215,Unit,CTN@3BTL,true,{},2026-08-21 18:25:34.183797+00,2026-08-21 18:36:19.486079+00
94,4,321,Unit,CTN@40BALL,true,{},2026-08-21 18:25:34.183797+00,2026-08-21 18:36:19.486079+00
95,4,216,Unit,CTN@40PACK,true,{},2026-08-21 18:25:34.183797+00,2026-08-21 18:36:19.486079+00
96,4,217,Unit,CTN@40PCS,true,{},2026-08-21 18:25:34.183797+00,2026-08-21 18:36:19.486079+00
97,4,218,Unit,CTN@48PCS,true,{},2026-08-21 18:25:34.183797+00,2026-08-21 18:36:19.486079+00
98,4,341,Unit,CTN@4BTL,true,{},2026-08-21 18:25:34.183797+00,2026-08-21 18:36:19.486079+00
99,4,219,Unit,CTN@4PACK,true,{},2026-08-21 18:25:34.183797+00,2026-08-21 18:36:19.486079+00
100,4,220,Unit,CTN@500PACK,true,{},2026-08-21 18:25:34.183797+00,2026-08-21 18:36:19.486079+00
101,4,311,Unit,CTN@50PCS,true,{},2026-08-21 18:25:34.183797+00,2026-08-21 18:36:19.486079+00
102,4,221,Unit,CTN@60PCS,true,{},2026-08-21 18:25:34.183797+00,2026-08-21 18:36:19.486079+00
103,4,222,Unit,CTN@6BTL,true,{},2026-08-21 18:25:34.183797+00,2026-08-21 18:36:19.486079+00
104,4,223,Unit,CTN@6JAR,true,{},2026-08-21 18:25:34.183797+00,2026-08-21 18:36:19.486079+00
105,4,224,Unit,CTN@6PACK,true,{},2026-08-21 18:25:34.183797+00,2026-08-21 18:36:19.486079+00
106,4,225,Unit,CTN@6PCS,true,{},2026-08-21 18:25:34.183797+00,2026-08-21 18:36:19.486079+00
107,4,226,Unit,CTN@6ROLL,true,{},2026-08-21 18:25:34.183797+00,2026-08-21 18:36:19.486079+00
108,4,227,Unit,CTN@78PACK,true,{},2026-08-21 18:25:34.183797+00,2026-08-21 18:36:19.486079+00
109,4,228,Unit,CTN@8PACK,true,{},2026-08-21 18:25:34.183797+00,2026-08-21 18:36:19.486079+00
110,4,229,Unit,GALON@18000GR,true,{},2026-08-21 18:25:34.183797+00,2026-08-21 18:36:19.486079+00
111,4,230,Unit,GALON@19000GR,true,{},2026-08-21 18:25:34.183797+00,2026-08-21 18:36:19.486079+00
112,4,305,Unit,GALON@6000ML,true,{},2026-08-21 18:25:34.183797+00,2026-08-21 18:36:19.486079+00
113,4,231,Weight,GR,true,{},2026-08-21 18:25:34.183797+00,2026-08-21 18:36:19.486079+00
114,4,232,Unit,IKAT@10PCS,true,{},2026-08-21 18:25:34.183797+00,2026-08-21 18:36:19.486079+00
115,4,233,Unit,JAR@1000GR,true,{},2026-08-21 18:25:34.183797+00,2026-08-21 18:36:19.486079+00
116,4,234,Unit,JAR@700GR,true,{},2026-08-21 18:25:34.183797+00,2026-08-21 18:36:19.486079+00
117,4,235,Unit,JRG,true,{},2026-08-21 18:25:34.183797+00,2026-08-21 18:36:19.486079+00
118,4,236,Unit,JRG@18000GR,true,{},2026-08-21 18:25:34.183797+00,2026-08-21 18:36:19.486079+00
119,4,237,Unit,JRG@6200GR,true,{},2026-08-21 18:25:34.183797+00,2026-08-21 18:36:19.486079+00
120,4,238,Unit,KANTONG@20000GR,true,{},2026-08-21 18:25:34.183797+00,2026-08-21 18:36:19.486079+00
121,4,239,Unit,KARUNG@100PACK,true,{},2026-08-21 18:25:34.183797+00,2026-08-21 18:36:19.486079+00
122,4,240,Unit,KARUNG@125PACK,true,{},2026-08-21 18:25:34.183797+00,2026-08-21 18:36:19.486079+00
123,4,313,Unit,KARUNG@25KG,true,{},2026-08-21 18:25:34.183797+00,2026-08-21 18:36:19.486079+00
124,4,241,Unit,KARUNG@30PACK,true,{},2026-08-21 18:25:34.183797+00,2026-08-21 18:36:19.486079+00
125,4,242,Unit,KARUNG@50PACK,true,{},2026-08-21 18:25:34.183797+00,2026-08-21 18:36:19.486079+00
126,4,323,Unit,KARUNG@80PACK,true,{},2026-08-21 18:25:34.183797+00,2026-08-21 18:36:19.486079+00
127,4,243,Weight,KG,true,{},2026-08-21 18:25:34.183797+00,2026-08-21 18:36:19.486079+00
128,4,244,Unit,KG@1000GR,true,{},2026-08-21 18:25:34.183797+00,2026-08-21 18:36:19.486079+00
129,4,245,Unit,KRG@20000GR,true,{},2026-08-21 18:25:34.183797+00,2026-08-21 18:36:19.486079+00
130,4,246,Unit,KRG@4PACK,true,{},2026-08-21 18:25:34.183797+00,2026-08-21 18:36:19.486079+00
131,4,326,Unit,LBR@77PCS,true,{},2026-08-21 18:25:34.183797+00,2026-08-21 18:36:19.486079+00
132,4,319,Unit,LEMBAR,true,{},2026-08-21 18:25:34.183797+00,2026-08-21 18:36:19.486079+00
133,4,247,Unit,LEMBAR@54PCS,true,{},2026-08-21 18:25:34.183797+00,2026-08-21 18:36:19.486079+00
134,4,320,Unit,LEMBAR@77PCS,true,{},2026-08-21 18:25:34.183797+00,2026-08-21 18:36:19.486079+00
135,4,248,Unit,PACK,true,{},2026-08-21 18:25:34.183797+00,2026-08-21 18:36:19.486079+00
136,4,249,Unit,PACK@1000GR,true,{},2026-08-21 18:25:34.183797+00,2026-08-21 18:36:19.486079+00
137,4,335,Unit,PACK@1000ML,true,{},2026-08-21 18:25:34.183797+00,2026-08-21 18:36:19.486079+00
138,4,250,Unit,PACK@100PCS,true,{},2026-08-21 18:25:34.183797+00,2026-08-21 18:36:19.486079+00
139,4,329,Unit,PACK@102PCS,true,{},2026-08-21 18:25:34.183797+00,2026-08-21 18:36:19.486079+00
140,4,251,Unit,PACK@10PCS,true,{},2026-08-21 18:25:34.183797+00,2026-08-21 18:36:19.486079+00
141,4,252,Unit,PACK@10ROLL,true,{},2026-08-21 18:25:34.183797+00,2026-08-21 18:36:19.486079+00
142,4,253,Unit,PACK@1100GR,true,{},2026-08-21 18:25:34.183797+00,2026-08-21 18:36:19.486079+00
143,4,254,Unit,PACK@150PCS,true,{},2026-08-21 18:25:34.183797+00,2026-08-21 18:36:19.486079+00
144,4,255,Unit,PACK@152GR,true,{},2026-08-21 18:25:34.183797+00,2026-08-21 18:36:19.486079+00
145,4,312,Unit,PACK@1KG,true,{},2026-08-21 18:25:34.183797+00,2026-08-21 18:36:19.486079+00
146,4,256,Unit,PACK@2000GR,true,{},2026-08-21 18:25:34.183797+00,2026-08-21 18:36:19.486079+00
147,4,322,Unit,PACK@20PCS,true,{},2026-08-21 18:25:34.183797+00,2026-08-21 18:36:19.486079+00
148,4,257,Unit,PACK@220PCS,true,{},2026-08-21 18:25:34.183797+00,2026-08-21 18:36:19.486079+00
149,4,325,Unit,PACK@2300GR,true,{},2026-08-21 18:25:34.183797+00,2026-08-21 18:36:19.486079+00
150,4,258,Unit,PACK@230GR,true,{},2026-08-21 18:25:34.183797+00,2026-08-21 18:36:19.486079+00
151,4,259,Unit,PACK@23PCS,true,{},2026-08-21 18:25:34.183797+00,2026-08-21 18:36:19.486079+00
152,4,260,Unit,PACK@2500GR,true,{},2026-08-21 18:25:34.183797+00,2026-08-21 18:36:19.486079+00
153,4,342,Unit,PACK@250PCS,true,{},2026-08-21 18:25:34.183797+00,2026-08-21 18:36:19.486079+00
154,4,261,Unit,PACK@25PCS,true,{},2026-08-21 18:25:34.183797+00,2026-08-21 18:36:19.486079+00
155,4,262,Unit,PACK@275PCS,true,{},2026-08-21 18:25:34.183797+00,2026-08-21 18:36:19.486079+00
156,4,333,Unit,PACK@320G,true,{},2026-08-21 18:25:34.183797+00,2026-08-21 18:36:19.486079+00
157,4,304,Unit,PACK@320GR,true,{},2026-08-21 18:25:34.183797+00,2026-08-21 18:36:19.486079+00
158,4,263,Unit,PACK@36PCS,true,{},2026-08-21 18:25:34.183797+00,2026-08-21 18:36:19.486079+00
159,4,264,Unit,PACK@40PCS,true,{},2026-08-21 18:25:34.183797+00,2026-08-21 18:36:19.486079+00
160,4,265,Unit,PACK@442GR,true,{},2026-08-21 18:25:34.183797+00,2026-08-21 18:36:19.486079+00
161,4,334,Unit,PACK@500G,true,{},2026-08-21 18:25:34.183797+00,2026-08-21 18:36:19.486079+00
162,4,266,Unit,PACK@500GR,true,{},2026-08-21 18:25:34.183797+00,2026-08-21 18:36:19.486079+00
163,4,267,Unit,PACK@500PCS,true,{},2026-08-21 18:25:34.183797+00,2026-08-21 18:36:19.486079+00
164,4,318,Unit,PACK@50LEMBAR,true,{},2026-08-21 18:25:34.183797+00,2026-08-21 18:36:19.486079+00
165,4,268,Unit,PACK@50PCS,true,{},2026-08-21 18:25:34.183797+00,2026-08-21 18:36:19.486079+00
166,4,269,Unit,PACK@52PCS,true,{},2026-08-21 18:25:34.183797+00,2026-08-21 18:36:19.486079+00
167,4,270,Unit,PACK@5PCS,true,{},2026-08-21 18:25:34.183797+00,2026-08-21 18:36:19.486079+00
168,4,271,Unit,PACK@5ROLL,true,{},2026-08-21 18:25:34.183797+00,2026-08-21 18:36:19.486079+00
169,4,272,Unit,PACK@6PCS,true,{},2026-08-21 18:25:34.183797+00,2026-08-21 18:36:19.486079+00
170,4,337,Unit,PACK@750ML,true,{},2026-08-21 18:25:34.183797+00,2026-08-21 18:36:19.486079+00
171,4,273,Unit,PACK@760GR,true,{},2026-08-21 18:25:34.183797+00,2026-08-21 18:36:19.486079+00
172,4,274,Unit,PACK@800GR,true,{},2026-08-21 18:25:34.183797+00,2026-08-21 18:36:19.486079+00
173,4,339,Unit,PACK@900GR,true,{},2026-08-21 18:25:34.183797+00,2026-08-21 18:36:19.486079+00
174,4,275,Unit,PACK@92PCS,true,{},2026-08-21 18:25:34.183797+00,2026-08-21 18:36:19.486079+00
175,4,276,Unit,PACK@950GR,true,{},2026-08-21 18:25:34.183797+00,2026-08-21 18:36:19.486079+00
176,4,309,Unit,PAIL@4000G (8L),true,{},2026-08-21 18:25:34.183797+00,2026-08-21 18:36:19.486079+00
177,4,277,Unit,PAIL@8000GR,true,{},2026-08-21 18:25:34.183797+00,2026-08-21 18:36:19.486079+00
178,4,278,Unit,PALLET DOUBLE@5940PCS,true,{},2026-08-21 18:25:34.183797+00,2026-08-21 18:36:19.486079+00
179,4,279,Unit,PALLET SINGLE@2970PCS,true,{},2026-08-21 18:25:34.183797+00,2026-08-21 18:36:19.486079+00
180,4,280,Unit,PALLET SINGLE@9725PCS,true,{},2026-08-21 18:25:34.183797+00,2026-08-21 18:36:19.486079+00
181,4,281,Unit,PCS,true,{},2026-08-21 18:25:34.183797+00,2026-08-21 18:36:19.486079+00
182,4,282,Unit,PCS@1000GR,true,{},2026-08-21 18:25:34.183797+00,2026-08-21 18:36:19.486079+00
183,4,283,Unit,PCS@1050GR,true,{},2026-08-21 18:25:34.183797+00,2026-08-21 18:36:19.486079+00
184,4,284,Unit,PCS@1100GR,true,{},2026-08-21 18:25:34.183797+00,2026-08-21 18:36:19.486079+00
185,4,317,Unit,PCS@1200GR,true,{},2026-08-21 18:25:34.183797+00,2026-08-21 18:36:19.486079+00
186,4,285,Unit,PCS@2000GR,true,{},2026-08-21 18:25:34.183797+00,2026-08-21 18:36:19.486079+00
187,4,286,Unit,PCS@200GR,true,{},2026-08-21 18:25:34.183797+00,2026-08-21 18:36:19.486079+00
188,4,287,Unit,PCS@2200GR,true,{},2026-08-21 18:25:34.183797+00,2026-08-21 18:36:19.486079+00
189,4,288,Unit,PCS@250GR,true,{},2026-08-21 18:25:34.183797+00,2026-08-21 18:36:19.486079+00
190,4,289,Unit,PCS@365GR,true,{},2026-08-21 18:25:34.183797+00,2026-08-21 18:36:19.486079+00
191,4,290,Unit,PCS@380GR,true,{},2026-08-21 18:25:34.183797+00,2026-08-21 18:36:19.486079+00
192,4,291,Unit,PCS@488GR,true,{},2026-08-21 18:25:34.183797+00,2026-08-21 18:36:19.486079+00
193,4,292,Unit,PCS@500GR,true,{},2026-08-21 18:25:34.183797+00,2026-08-21 18:36:19.486079+00
194,4,293,Unit,PCS@510GR,true,{},2026-08-21 18:25:34.183797+00,2026-08-21 18:36:19.486079+00
195,4,294,Unit,PCS@525GR,true,{},2026-08-21 18:25:34.183797+00,2026-08-21 18:36:19.486079+00
196,4,315,Unit,PCS@65GR,true,{},2026-08-21 18:25:34.183797+00,2026-08-21 18:36:19.486079+00
197,4,295,Unit,PCS@700GR,true,{},2026-08-21 18:25:34.183797+00,2026-08-21 18:36:19.486079+00
198,4,296,Unit,PCS@710GR,true,{},2026-08-21 18:25:34.183797+00,2026-08-21 18:36:19.486079+00
199,4,314,Unit,PCS@850GR,true,{},2026-08-21 18:25:34.183797+00,2026-08-21 18:36:19.486079+00
200,4,297,Unit,PCS@950GR,true,{},2026-08-21 18:25:34.183797+00,2026-08-21 18:36:19.486079+00
201,4,343,Unit,POUCH@1300GR,true,{},2026-08-21 18:25:34.183797+00,2026-08-21 18:36:19.486079+00
202,4,298,Unit,ROLL,true,{},2026-08-21 18:25:34.183797+00,2026-08-21 18:36:19.486079+00
203,4,299,Unit,ROLL@1000PCS,true,{},2026-08-21 18:25:34.183797+00,2026-08-21 18:36:19.486079+00
204,4,336,Unit,ROLL@800PCS,true,{},2026-08-21 18:25:34.183797+00,2026-08-21 18:36:19.486079+00
205,4,330,Unit,SET,true,{},2026-08-21 18:25:34.183797+00,2026-08-21 18:36:19.486079+00
206,4,300,Unit,SISIR@15PCS,true,{},2026-08-21 18:25:34.183797+00,2026-08-21 18:36:19.486079+00
207,4,301,Unit,TABUNG,true,{},2026-08-21 18:25:34.183797+00,2026-08-21 18:36:19.486079+00
208,4,310,Unit,UNIT,true,{},2026-08-21 18:25:34.183797+00,2026-08-21 18:36:19.486079+00
209,2,199,Unit,ADONAN@15000GR,true,{},2026-08-21 18:25:34.183797+00,2026-08-21 18:36:19.486079+00
210,2,171,Unit,BATCH@3000GR,true,{},2026-08-21 18:25:34.183797+00,2026-08-21 18:36:19.486079+00
211,2,172,Unit,BATCH@3200GR,true,{},2026-08-21 18:25:34.183797+00,2026-08-21 18:36:19.486079+00
212,2,173,Unit,BOX@100PCS,true,{},2026-08-21 18:25:34.183797+00,2026-08-21 18:36:19.486079+00
213,2,202,Unit,BOX@50PCS,true,{},2026-08-21 18:25:34.183797+00,2026-08-21 18:36:19.486079+00
214,2,184,Unit,BTL@1000GR,true,{},2026-08-21 18:25:34.183797+00,2026-08-21 18:36:19.486079+00
215,2,185,Unit,BTL@620GR,true,{},2026-08-21 18:25:34.183797+00,2026-08-21 18:36:19.486079+00
216,2,174,Unit,CTN@10BOX,true,{},2026-08-21 18:25:34.183797+00,2026-08-21 18:36:19.486079+00
217,2,189,Unit,CTN@12PCS,true,{},2026-08-21 18:25:34.183797+00,2026-08-21 18:36:19.486079+00
218,2,175,Unit,CTN@24PACK,true,{},2026-08-21 18:25:34.183797+00,2026-08-21 18:36:19.486079+00
219,2,192,Unit,CTN@24ROLL,true,{},2026-08-21 18:25:34.183797+00,2026-08-21 18:36:19.486079+00
220,2,190,Unit,CTN@6PCS,true,{},2026-08-21 18:25:34.183797+00,2026-08-21 18:36:19.486079+00
221,2,191,Unit,CTN@6ROLL,true,{},2026-08-21 18:25:34.183797+00,2026-08-21 18:36:19.486079+00
222,2,176,Unit,GALON@19000GR,true,{},2026-08-21 18:25:34.183797+00,2026-08-21 18:36:19.486079+00
223,2,182,Unit,GALON@6000ML,true,{},2026-08-21 18:25:34.183797+00,2026-08-21 18:36:19.486079+00
224,2,177,Unit,GR,true,{},2026-08-21 18:25:34.183797+00,2026-08-21 18:36:19.486079+00
225,2,200,Unit,KANTONG@7500GR,true,{},2026-08-21 18:25:34.183797+00,2026-08-21 18:36:19.486079+00
226,2,178,Unit,KARUNG@25KG,true,{},2026-08-21 18:25:34.183797+00,2026-08-21 18:36:19.486079+00
227,2,204,Unit,KARUNG@50KG,true,{},2026-08-21 18:25:34.183797+00,2026-08-21 18:36:19.486079+00
228,2,196,Unit,KG,true,{},2026-08-21 18:25:34.183797+00,2026-08-21 18:36:19.486079+00
229,2,179,Unit,KG@1000GR,true,{},2026-08-21 18:25:34.183797+00,2026-08-21 18:36:19.486079+00
230,2,180,Unit,PACK,true,{},2026-08-21 18:25:34.183797+00,2026-08-21 18:36:19.486079+00
231,2,183,Unit,PACK@1000GR,true,{},2026-08-21 18:25:34.183797+00,2026-08-21 18:36:19.486079+00
232,2,201,Unit,PACK@100PCS,true,{},2026-08-21 18:25:34.183797+00,2026-08-21 18:36:19.486079+00
233,2,203,Unit,PACK@1KG,true,{},2026-08-21 18:25:34.183797+00,2026-08-21 18:36:19.486079+00
234,2,198,Unit,PACK@2000GR,true,{},2026-08-21 18:25:34.183797+00,2026-08-21 18:36:19.486079+00
235,2,195,Unit,PACK@23PCS,true,{},2026-08-21 18:25:34.183797+00,2026-08-21 18:36:19.486079+00
236,2,187,Unit,PACK@500GR,true,{},2026-08-21 18:25:34.183797+00,2026-08-21 18:36:19.486079+00
237,2,186,Unit,PACK@50PCS,true,{},2026-08-21 18:25:34.183797+00,2026-08-21 18:36:19.486079+00
238,2,194,Unit,PACK@6PCS,true,{},2026-08-21 18:25:34.183797+00,2026-08-21 18:36:19.486079+00
239,2,181,Unit,PCS,true,{},2026-08-21 18:25:34.183797+00,2026-08-21 18:36:19.486079+00
240,2,188,Unit,PCS@1000GR,true,{},2026-08-21 18:25:34.183797+00,2026-08-21 18:36:19.486079+00
241,2,193,Unit,ROLL,true,{},2026-08-21 18:25:34.183797+00,2026-08-21 18:36:19.486079+00
242,2,197,Unit,TABUNG,true,{},2026-08-21 18:25:34.183797+00,2026-08-21 18:36:19.486079+00
243,1,444,Unit,-,true,"{""notes"":"""",""uomID"":444,""uomName"":""-"",""metricID"":1,""flagActive"":1,""metricName"":""Unit"",""refTaxCode"":null,""refTaxName"":null}",2026-08-21 18:25:34.183797+00,2026-08-28 06:30:18.170691+00
244,1,287,Unit,BALL@100PCS,true,"{""notes"":"""",""uomID"":287,""uomName"":""BALL@100PCS"",""metricID"":1,""flagActive"":1,""metricName"":""Unit"",""refTaxCode"":null,""refTaxName"":null}",2026-08-21 18:25:34.183797+00,2026-08-28 06:30:18.170691+00
245,1,450,Unit,BALL@10KG,true,"{""notes"":"""",""uomID"":450,""uomName"":""BALL@10KG"",""metricID"":1,""flagActive"":1,""metricName"":""Unit"",""refTaxCode"":null,""refTaxName"":null}",2026-08-21 18:25:34.183797+00,2026-08-28 06:30:18.170691+00
246,1,288,Unit,BALL@10PACK,true,"{""notes"":"""",""uomID"":288,""uomName"":""BALL@10PACK"",""metricID"":1,""flagActive"":1,""metricName"":""Unit"",""refTaxCode"":null,""refTaxName"":null}",2026-08-21 18:25:34.183797+00,2026-08-28 06:30:18.170691+00
247,1,289,Unit,BALL@12PCS,true,"{""notes"":"""",""uomID"":289,""uomName"":""BALL@12PCS"",""metricID"":1,""flagActive"":1,""metricName"":""Unit"",""refTaxCode"":null,""refTaxName"":null}",2026-08-21 18:25:34.183797+00,2026-08-28 06:30:18.170691+00
248,1,290,Unit,BALL@250PCS,true,"{""notes"":"""",""uomID"":290,""uomName"":""BALL@250PCS"",""metricID"":1,""flagActive"":1,""metricName"":""Unit"",""refTaxCode"":null,""refTaxName"":null}",2026-08-21 18:25:34.183797+00,2026-08-28 06:30:18.170691+00
249,1,291,Unit,BALL@25PCS,true,"{""notes"":"""",""uomID"":291,""uomName"":""BALL@25PCS"",""metricID"":1,""flagActive"":1,""metricName"":""Unit"",""refTaxCode"":null,""refTaxName"":null}",2026-08-21 18:25:34.183797+00,2026-08-28 06:30:18.170691+00
250,1,292,Unit,BALL@50PACK,true,"{""notes"":"""",""uomID"":292,""uomName"":""BALL@50PACK"",""metricID"":1,""flagActive"":1,""metricName"":""Unit"",""refTaxCode"":null,""refTaxName"":null}",2026-08-21 18:25:34.183797+00,2026-08-28 06:30:18.170691+00
251,1,293,Unit,BALL@50PCS,true,"{""notes"":"""",""uomID"":293,""uomName"":""BALL@50PCS"",""metricID"":1,""flagActive"":1,""metricName"":""Unit"",""refTaxCode"":null,""refTaxName"":null}",2026-08-21 18:25:34.183797+00,2026-08-28 06:30:18.170691+00
252,1,294,Unit,BATCH@2000GR,true,"{""notes"":"""",""uomID"":294,""uomName"":""BATCH@2000GR"",""metricID"":1,""flagActive"":1,""metricName"":""Unit"",""refTaxCode"":null,""refTaxName"":null}",2026-08-21 18:25:34.183797+00,2026-08-28 06:30:18.170691+00
253,1,295,Unit,BATCH@3000GR,true,"{""notes"":"""",""uomID"":295,""uomName"":""BATCH@3000GR"",""metricID"":1,""flagActive"":1,""metricName"":""Unit"",""refTaxCode"":null,""refTaxName"":null}",2026-08-21 18:25:34.183797+00,2026-08-28 06:30:18.170691+00
254,1,296,Unit,BATCH@3200GR,true,"{""notes"":"""",""uomID"":296,""uomName"":""BATCH@3200GR"",""metricID"":1,""flagActive"":1,""metricName"":""Unit"",""refTaxCode"":null,""refTaxName"":null}",2026-08-21 18:25:34.183797+00,2026-08-28 06:30:18.170691+00
255,1,297,Unit,BOX@100PCS,true,"{""notes"":"""",""uomID"":297,""uomName"":""BOX@100PCS"",""metricID"":1,""flagActive"":1,""metricName"":""Unit"",""refTaxCode"":null,""refTaxName"":null}",2026-08-21 18:25:34.183797+00,2026-08-28 06:30:18.170691+00
256,1,472,Unit,BOX@50PCS,true,"{""notes"":"""",""uomID"":472,""uomName"":""BOX@50PCS"",""metricID"":1,""flagActive"":1,""metricName"":""Unit"",""refTaxCode"":null,""refTaxName"":null}",2026-08-21 18:25:34.183797+00,2026-08-28 06:30:18.170691+00
257,1,298,Unit,BTL,true,"{""notes"":"""",""uomID"":298,""uomName"":""BTL"",""metricID"":1,""flagActive"":1,""metricName"":""Unit"",""refTaxCode"":null,""refTaxName"":null}",2026-08-21 18:25:34.183797+00,2026-08-28 06:30:18.170691+00
258,1,299,Unit,BTL@1040GR,true,"{""notes"":"""",""uomID"":299,""uomName"":""BTL@1040GR"",""metricID"":1,""flagActive"":1,""metricName"":""Unit"",""refTaxCode"":null,""refTaxName"":null}",2026-08-21 18:25:34.183797+00,2026-08-28 06:30:18.170691+00
259,1,300,Unit,BTL@1130GR,true,"{""notes"":"""",""uomID"":300,""uomName"":""BTL@1130GR"",""metricID"":1,""flagActive"":1,""metricName"":""Unit"",""refTaxCode"":null,""refTaxName"":null}",2026-08-21 18:25:34.183797+00,2026-08-28 06:30:18.170691+00
260,1,301,Unit,BTL@1270GR,true,"{""notes"":"""",""uomID"":301,""uomName"":""BTL@1270GR"",""metricID"":1,""flagActive"":1,""metricName"":""Unit"",""refTaxCode"":null,""refTaxName"":null}",2026-08-21 18:25:34.183797+00,2026-08-28 06:30:18.170691+00
261,1,302,Unit,BTL@1300GR,true,"{""notes"":"""",""uomID"":302,""uomName"":""BTL@1300GR"",""metricID"":1,""flagActive"":1,""metricName"":""Unit"",""refTaxCode"":null,""refTaxName"":null}",2026-08-21 18:25:34.183797+00,2026-08-28 06:30:18.170691+00
262,1,303,Unit,BTL@2100GR,true,"{""notes"":"""",""uomID"":303,""uomName"":""BTL@2100GR"",""metricID"":1,""flagActive"":1,""metricName"":""Unit"",""refTaxCode"":null,""refTaxName"":null}",2026-08-21 18:25:34.183797+00,2026-08-28 06:30:18.170691+00
263,1,304,Unit,BTL@2480GR,true,"{""notes"":"""",""uomID"":304,""uomName"":""BTL@2480GR"",""metricID"":1,""flagActive"":1,""metricName"":""Unit"",""refTaxCode"":null,""refTaxName"":null}",2026-08-21 18:25:34.183797+00,2026-08-28 06:30:18.170691+00
264,1,305,Unit,BTL@250GR,true,"{""notes"":"""",""uomID"":305,""uomName"":""BTL@250GR"",""metricID"":1,""flagActive"":1,""metricName"":""Unit"",""refTaxCode"":null,""refTaxName"":null}",2026-08-21 18:25:34.183797+00,2026-08-28 06:30:18.170691+00
265,1,306,Unit,BTL@300GR,true,"{""notes"":"""",""uomID"":306,""uomName"":""BTL@300GR"",""metricID"":1,""flagActive"":1,""metricName"":""Unit"",""refTaxCode"":null,""refTaxName"":null}",2026-08-21 18:25:34.183797+00,2026-08-28 06:30:18.170691+00
266,1,466,Unit,BTL@320GR,true,"{""notes"":"""",""uomID"":466,""uomName"":""BTL@320GR"",""metricID"":1,""flagActive"":1,""metricName"":""Unit"",""refTaxCode"":null,""refTaxName"":null}",2026-08-21 18:25:34.183797+00,2026-08-28 06:30:18.170691+00
267,1,307,Unit,BTL@550GR,true,"{""notes"":"""",""uomID"":307,""uomName"":""BTL@550GR"",""metricID"":1,""flagActive"":1,""metricName"":""Unit"",""refTaxCode"":null,""refTaxName"":null}",2026-08-21 18:25:34.183797+00,2026-08-28 06:30:18.170691+00
268,1,460,Unit,BTL@600GR,true,"{""notes"":"""",""uomID"":460,""uomName"":""BTL@600GR"",""metricID"":1,""flagActive"":1,""metricName"":""Unit"",""refTaxCode"":null,""refTaxName"":null}",2026-08-21 18:25:34.183797+00,2026-08-28 06:30:18.170691+00
269,1,308,Unit,BTL@775GR,true,"{""notes"":"""",""uomID"":308,""uomName"":""BTL@775GR"",""metricID"":1,""flagActive"":1,""metricName"":""Unit"",""refTaxCode"":null,""refTaxName"":null}",2026-08-21 18:25:34.183797+00,2026-08-28 06:30:18.170691+00
270,1,309,Unit,BTL@850GR,true,"{""notes"":"""",""uomID"":309,""uomName"":""BTL@850GR"",""metricID"":1,""flagActive"":1,""metricName"":""Unit"",""refTaxCode"":null,""refTaxName"":null}",2026-08-21 18:25:34.183797+00,2026-08-28 06:30:18.170691+00
271,1,310,Unit,BTL@930GR,true,"{""notes"":"""",""uomID"":310,""uomName"":""BTL@930GR"",""metricID"":1,""flagActive"":1,""metricName"":""Unit"",""refTaxCode"":null,""refTaxName"":null}",2026-08-21 18:25:34.183797+00,2026-08-28 06:30:18.170691+00
272,1,311,Unit,BTL@960GR,true,"{""notes"":"""",""uomID"":311,""uomName"":""BTL@960GR"",""metricID"":1,""flagActive"":1,""metricName"":""Unit"",""refTaxCode"":null,""refTaxName"":null}",2026-08-21 18:25:34.183797+00,2026-08-28 06:30:18.170691+00
273,1,312,Unit,CTN,true,"{""notes"":"""",""uomID"":312,""uomName"":""CTN"",""metricID"":1,""flagActive"":1,""metricName"":""Unit"",""refTaxCode"":null,""refTaxName"":null}",2026-08-21 18:25:34.183797+00,2026-08-28 06:30:18.170691+00
274,1,313,Unit,CTN@104PACK,true,"{""notes"":"""",""uomID"":313,""uomName"":""CTN@104PACK"",""metricID"":1,""flagActive"":1,""metricName"":""Unit"",""refTaxCode"":null,""refTaxName"":null}",2026-08-21 18:25:34.183797+00,2026-08-28 06:30:18.170691+00
275,1,314,Unit,CTN@10BOX,true,"{""notes"":"""",""uomID"":314,""uomName"":""CTN@10BOX"",""metricID"":1,""flagActive"":1,""metricName"":""Unit"",""refTaxCode"":null,""refTaxName"":null}",2026-08-21 18:25:34.183797+00,2026-08-28 06:30:18.170691+00
276,1,449,Unit,CTN@10BTL,true,"{""notes"":"""",""uomID"":449,""uomName"":""CTN@10BTL"",""metricID"":1,""flagActive"":1,""metricName"":""Unit"",""refTaxCode"":null,""refTaxName"":null}",2026-08-21 18:25:34.183797+00,2026-08-28 06:30:18.170691+00
277,1,315,Unit,CTN@10PACK,true,"{""notes"":"""",""uomID"":315,""uomName"":""CTN@10PACK"",""metricID"":1,""flagActive"":1,""metricName"":""Unit"",""refTaxCode"":null,""refTaxName"":null}",2026-08-21 18:25:34.183797+00,2026-08-28 06:30:18.170691+00
278,1,316,Unit,CTN@10PCS,true,"{""notes"":"""",""uomID"":316,""uomName"":""CTN@10PCS"",""metricID"":1,""flagActive"":1,""metricName"":""Unit"",""refTaxCode"":null,""refTaxName"":null}",2026-08-21 18:25:34.183797+00,2026-08-28 06:30:18.170691+00
279,1,481,Unit,CTN@10POUCH,true,"{""notes"":"""",""uomID"":481,""uomName"":""CTN@10POUCH"",""metricID"":1,""flagActive"":1,""metricName"":""Unit"",""refTaxCode"":null,""refTaxName"":null}",2026-08-21 18:25:34.183797+00,2026-08-28 06:30:18.170691+00
280,1,317,Unit,CTN@12BTL,true,"{""notes"":"""",""uomID"":317,""uomName"":""CTN@12BTL"",""metricID"":1,""flagActive"":1,""metricName"":""Unit"",""refTaxCode"":null,""refTaxName"":null}",2026-08-21 18:25:34.183797+00,2026-08-28 06:30:18.170691+00
281,1,318,Unit,CTN@12PACK,true,"{""notes"":"""",""uomID"":318,""uomName"":""CTN@12PACK"",""metricID"":1,""flagActive"":1,""metricName"":""Unit"",""refTaxCode"":null,""refTaxName"":null}",2026-08-21 18:25:34.183797+00,2026-08-28 06:30:18.170691+00
282,1,319,Unit,CTN@12PCS,true,"{""notes"":"""",""uomID"":319,""uomName"":""CTN@12PCS"",""metricID"":1,""flagActive"":1,""metricName"":""Unit"",""refTaxCode"":null,""refTaxName"":null}",2026-08-21 18:25:34.183797+00,2026-08-28 06:30:18.170691+00
283,1,320,Unit,CTN@12ROLL,true,"{""notes"":"""",""uomID"":320,""uomName"":""CTN@12ROLL"",""metricID"":1,""flagActive"":1,""metricName"":""Unit"",""refTaxCode"":null,""refTaxName"":null}",2026-08-21 18:25:34.183797+00,2026-08-28 06:30:18.170691+00
284,1,321,Unit,CTN@14PCS,true,"{""notes"":"""",""uomID"":321,""uomName"":""CTN@14PCS"",""metricID"":1,""flagActive"":1,""metricName"":""Unit"",""refTaxCode"":null,""refTaxName"":null}",2026-08-21 18:25:34.183797+00,2026-08-28 06:30:18.170691+00
285,1,322,Unit,CTN@15PACK,true,"{""notes"":"""",""uomID"":322,""uomName"":""CTN@15PACK"",""metricID"":1,""flagActive"":1,""metricName"":""Unit"",""refTaxCode"":null,""refTaxName"":null}",2026-08-21 18:25:34.183797+00,2026-08-28 06:30:18.170691+00
286,1,323,Unit,CTN@16BTL,true,"{""notes"":"""",""uomID"":323,""uomName"":""CTN@16BTL"",""metricID"":1,""flagActive"":1,""metricName"":""Unit"",""refTaxCode"":null,""refTaxName"":null}",2026-08-21 18:25:34.183797+00,2026-08-28 06:30:18.170691+00
287,1,324,Unit,CTN@16PCS,true,"{""notes"":"""",""uomID"":324,""uomName"":""CTN@16PCS"",""metricID"":1,""flagActive"":1,""metricName"":""Unit"",""refTaxCode"":null,""refTaxName"":null}",2026-08-21 18:25:34.183797+00,2026-08-28 06:30:18.170691+00
288,1,473,Unit,CTN@16ROLL,true,"{""notes"":"""",""uomID"":473,""uomName"":""CTN@16ROLL"",""metricID"":1,""flagActive"":1,""metricName"":""Unit"",""refTaxCode"":null,""refTaxName"":null}",2026-08-21 18:25:34.183797+00,2026-08-28 06:30:18.170691+00
289,1,456,Unit,CTN@20-PCS,true,"{""notes"":"""",""uomID"":456,""uomName"":""CTN@20-PCS"",""metricID"":1,""flagActive"":1,""metricName"":""Unit"",""refTaxCode"":null,""refTaxName"":null}",2026-08-21 18:25:34.183797+00,2026-08-28 06:30:18.170691+00
290,1,325,Unit,CTN@20BALL,true,"{""notes"":"""",""uomID"":325,""uomName"":""CTN@20BALL"",""metricID"":1,""flagActive"":1,""metricName"":""Unit"",""refTaxCode"":null,""refTaxName"":null}",2026-08-21 18:25:34.183797+00,2026-08-28 06:30:18.170691+00
291,1,448,Unit,CTN@20BTL,true,"{""notes"":"""",""uomID"":448,""uomName"":""CTN@20BTL"",""metricID"":1,""flagActive"":1,""metricName"":""Unit"",""refTaxCode"":null,""refTaxName"":null}",2026-08-21 18:25:34.183797+00,2026-08-28 06:30:18.170691+00
292,1,326,Unit,CTN@20PACK,true,"{""notes"":"""",""uomID"":326,""uomName"":""CTN@20PACK"",""metricID"":1,""flagActive"":1,""metricName"":""Unit"",""refTaxCode"":null,""refTaxName"":null}",2026-08-21 18:25:34.183797+00,2026-08-28 06:30:18.170691+00
293,1,327,Unit,CTN@20PACK,true,"{""notes"":"""",""uomID"":327,""uomName"":""CTN@20PACK"",""metricID"":1,""flagActive"":1,""metricName"":""Unit"",""refTaxCode"":null,""refTaxName"":null}",2026-08-21 18:25:34.183797+00,2026-08-28 06:30:18.170691+00
294,1,328,Unit,CTN@20PCS,true,"{""notes"":"""",""uomID"":328,""uomName"":""CTN@20PCS"",""metricID"":1,""flagActive"":1,""metricName"":""Unit"",""refTaxCode"":null,""refTaxName"":null}",2026-08-21 18:25:34.183797+00,2026-08-28 06:30:18.170691+00
295,1,329,Unit,CTN@21PCS,true,"{""notes"":"""",""uomID"":329,""uomName"":""CTN@21PCS"",""metricID"":1,""flagActive"":1,""metricName"":""Unit"",""refTaxCode"":null,""refTaxName"":null}",2026-08-21 18:25:34.183797+00,2026-08-28 06:30:18.170691+00
296,1,330,Unit,CTN@24BTL,true,"{""notes"":"""",""uomID"":330,""uomName"":""CTN@24BTL"",""metricID"":1,""flagActive"":1,""metricName"":""Unit"",""refTaxCode"":null,""refTaxName"":null}",2026-08-21 18:25:34.183797+00,2026-08-28 06:30:18.170691+00
297,1,331,Unit,CTN@24PACK,true,"{""notes"":"""",""uomID"":331,""uomName"":""CTN@24PACK"",""metricID"":1,""flagActive"":1,""metricName"":""Unit"",""refTaxCode"":null,""refTaxName"":null}",2026-08-21 18:25:34.183797+00,2026-08-28 06:30:18.170691+00
298,1,332,Unit,CTN@24PCS,true,"{""notes"":"""",""uomID"":332,""uomName"":""CTN@24PCS"",""metricID"":1,""flagActive"":1,""metricName"":""Unit"",""refTaxCode"":null,""refTaxName"":null}",2026-08-21 18:25:34.183797+00,2026-08-28 06:30:18.170691+00
299,1,333,Unit,CTN@24ROLL,true,"{""notes"":"""",""uomID"":333,""uomName"":""CTN@24ROLL"",""metricID"":1,""flagActive"":1,""metricName"":""Unit"",""refTaxCode"":null,""refTaxName"":null}",2026-08-21 18:25:34.183797+00,2026-08-28 06:30:18.170691+00
300,1,334,Unit,CTN@2PACK,true,"{""notes"":"""",""uomID"":334,""uomName"":""CTN@2PACK"",""metricID"":1,""flagActive"":1,""metricName"":""Unit"",""refTaxCode"":null,""refTaxName"":null}",2026-08-21 18:25:34.183797+00,2026-08-28 06:30:18.170691+00
301,1,335,Unit,CTN@3BTL,true,"{""notes"":"""",""uomID"":335,""uomName"":""CTN@3BTL"",""metricID"":1,""flagActive"":1,""metricName"":""Unit"",""refTaxCode"":null,""refTaxName"":null}",2026-08-21 18:25:34.183797+00,2026-08-28 06:30:18.170691+00
302,1,336,Unit,CTN@40PACK,true,"{""notes"":"""",""uomID"":336,""uomName"":""CTN@40PACK"",""metricID"":1,""flagActive"":1,""metricName"":""Unit"",""refTaxCode"":null,""refTaxName"":null}",2026-08-21 18:25:34.183797+00,2026-08-28 06:30:18.170691+00
303,1,337,Unit,CTN@40PCS,true,"{""notes"":"""",""uomID"":337,""uomName"":""CTN@40PCS"",""metricID"":1,""flagActive"":1,""metricName"":""Unit"",""refTaxCode"":null,""refTaxName"":null}",2026-08-21 18:25:34.183797+00,2026-08-28 06:30:18.170691+00
304,1,338,Unit,CTN@48PCS,true,"{""notes"":"""",""uomID"":338,""uomName"":""CTN@48PCS"",""metricID"":1,""flagActive"":1,""metricName"":""Unit"",""refTaxCode"":null,""refTaxName"":null}",2026-08-21 18:25:34.183797+00,2026-08-28 06:30:18.170691+00
305,1,339,Unit,CTN@4PACK,true,"{""notes"":"""",""uomID"":339,""uomName"":""CTN@4PACK"",""metricID"":1,""flagActive"":1,""metricName"":""Unit"",""refTaxCode"":null,""refTaxName"":null}",2026-08-21 18:25:34.183797+00,2026-08-28 06:30:18.170691+00
306,1,340,Unit,CTN@500PACK,true,"{""notes"":"""",""uomID"":340,""uomName"":""CTN@500PACK"",""metricID"":1,""flagActive"":1,""metricName"":""Unit"",""refTaxCode"":null,""refTaxName"":null}",2026-08-21 18:25:34.183797+00,2026-08-28 06:30:18.170691+00
307,1,341,Unit,CTN@60PCS,true,"{""notes"":"""",""uomID"":341,""uomName"":""CTN@60PCS"",""metricID"":1,""flagActive"":1,""metricName"":""Unit"",""refTaxCode"":null,""refTaxName"":null}",2026-08-21 18:25:34.183797+00,2026-08-28 06:30:18.170691+00
308,1,342,Unit,CTN@6BTL,true,"{""notes"":"""",""uomID"":342,""uomName"":""CTN@6BTL"",""metricID"":1,""flagActive"":1,""metricName"":""Unit"",""refTaxCode"":null,""refTaxName"":null}",2026-08-21 18:25:34.183797+00,2026-08-28 06:30:18.170691+00
309,1,343,Unit,CTN@6JAR,true,"{""notes"":"""",""uomID"":343,""uomName"":""CTN@6JAR"",""metricID"":1,""flagActive"":1,""metricName"":""Unit"",""refTaxCode"":null,""refTaxName"":null}",2026-08-21 18:25:34.183797+00,2026-08-28 06:30:18.170691+00
310,1,344,Unit,CTN@6PACK,true,"{""notes"":"""",""uomID"":344,""uomName"":""CTN@6PACK"",""metricID"":1,""flagActive"":1,""metricName"":""Unit"",""refTaxCode"":null,""refTaxName"":null}",2026-08-21 18:25:34.183797+00,2026-08-28 06:30:18.170691+00
311,1,345,Unit,CTN@6PCS,true,"{""notes"":"""",""uomID"":345,""uomName"":""CTN@6PCS"",""metricID"":1,""flagActive"":1,""metricName"":""Unit"",""refTaxCode"":null,""refTaxName"":null}",2026-08-21 18:25:34.183797+00,2026-08-28 06:30:18.170691+00
312,1,346,Unit,CTN@6ROLL,true,"{""notes"":"""",""uomID"":346,""uomName"":""CTN@6ROLL"",""metricID"":1,""flagActive"":1,""metricName"":""Unit"",""refTaxCode"":null,""refTaxName"":null}",2026-08-21 18:25:34.183797+00,2026-08-28 06:30:18.170691+00
313,1,347,Unit,CTN@78PACK,true,"{""notes"":"""",""uomID"":347,""uomName"":""CTN@78PACK"",""metricID"":1,""flagActive"":1,""metricName"":""Unit"",""refTaxCode"":null,""refTaxName"":null}",2026-08-21 18:25:34.183797+00,2026-08-28 06:30:18.170691+00
314,1,348,Unit,CTN@8PACK,true,"{""notes"":"""",""uomID"":348,""uomName"":""CTN@8PACK"",""metricID"":1,""flagActive"":1,""metricName"":""Unit"",""refTaxCode"":null,""refTaxName"":null}",2026-08-21 18:25:34.183797+00,2026-08-28 06:30:18.170691+00
315,1,349,Unit,GALON@18000GR,true,"{""notes"":"""",""uomID"":349,""uomName"":""GALON@18000GR"",""metricID"":1,""flagActive"":1,""metricName"":""Unit"",""refTaxCode"":null,""refTaxName"":null}",2026-08-21 18:25:34.183797+00,2026-08-28 06:30:18.170691+00
316,1,350,Unit,GALON@19000GR,true,"{""notes"":"""",""uomID"":350,""uomName"":""GALON@19000GR"",""metricID"":1,""flagActive"":1,""metricName"":""Unit"",""refTaxCode"":null,""refTaxName"":null}",2026-08-21 18:25:34.183797+00,2026-08-28 06:30:18.170691+00
317,1,351,Weight,GR,true,"{""notes"":"""",""uomID"":351,""uomName"":""GR"",""metricID"":2,""flagActive"":1,""metricName"":""Weight"",""refTaxCode"":null,""refTaxName"":null}",2026-08-21 18:25:34.183797+00,2026-08-28 06:30:18.170691+00
318,1,352,Unit,IKAT@10PCS,true,"{""notes"":"""",""uomID"":352,""uomName"":""IKAT@10PCS"",""metricID"":1,""flagActive"":1,""metricName"":""Unit"",""refTaxCode"":null,""refTaxName"":null}",2026-08-21 18:25:34.183797+00,2026-08-28 06:30:18.170691+00
319,1,353,Unit,JAR@1000GR,true,"{""notes"":"""",""uomID"":353,""uomName"":""JAR@1000GR"",""metricID"":1,""flagActive"":1,""metricName"":""Unit"",""refTaxCode"":null,""refTaxName"":null}",2026-08-21 18:25:34.183797+00,2026-08-28 06:30:18.170691+00
320,1,354,Unit,JAR@700GR,true,"{""notes"":"""",""uomID"":354,""uomName"":""JAR@700GR"",""metricID"":1,""flagActive"":1,""metricName"":""Unit"",""refTaxCode"":null,""refTaxName"":null}",2026-08-21 18:25:34.183797+00,2026-08-28 06:30:18.170691+00
321,1,355,Unit,JRG,true,"{""notes"":"""",""uomID"":355,""uomName"":""JRG"",""metricID"":1,""flagActive"":1,""metricName"":""Unit"",""refTaxCode"":null,""refTaxName"":null}",2026-08-21 18:25:34.183797+00,2026-08-28 06:30:18.170691+00
322,1,356,Unit,JRG@18000GR,true,"{""notes"":"""",""uomID"":356,""uomName"":""JRG@18000GR"",""metricID"":1,""flagActive"":1,""metricName"":""Unit"",""refTaxCode"":null,""refTaxName"":null}",2026-08-21 18:25:34.183797+00,2026-08-28 06:30:18.170691+00
323,1,357,Unit,JRG@6200GR,true,"{""notes"":"""",""uomID"":357,""uomName"":""JRG@6200GR"",""metricID"":1,""flagActive"":1,""metricName"":""Unit"",""refTaxCode"":null,""refTaxName"":null}",2026-08-21 18:25:34.183797+00,2026-08-28 06:30:18.170691+00
324,1,358,Unit,KANTONG@20000GR,true,"{""notes"":"""",""uomID"":358,""uomName"":""KANTONG@20000GR"",""metricID"":1,""flagActive"":1,""metricName"":""Unit"",""refTaxCode"":null,""refTaxName"":null}",2026-08-21 18:25:34.183797+00,2026-08-28 06:30:18.170691+00
325,1,359,Unit,KARUNG@100PACK,true,"{""notes"":"""",""uomID"":359,""uomName"":""KARUNG@100PACK"",""metricID"":1,""flagActive"":1,""metricName"":""Unit"",""refTaxCode"":null,""refTaxName"":null}",2026-08-21 18:25:34.183797+00,2026-08-28 06:30:18.170691+00
326,1,360,Unit,KARUNG@125PACK,true,"{""notes"":"""",""uomID"":360,""uomName"":""KARUNG@125PACK"",""metricID"":1,""flagActive"":1,""metricName"":""Unit"",""refTaxCode"":null,""refTaxName"":null}",2026-08-21 18:25:34.183797+00,2026-08-28 06:30:18.170691+00
327,1,361,Unit,KARUNG@25KG,true,"{""notes"":"""",""uomID"":361,""uomName"":""KARUNG@25KG"",""metricID"":1,""flagActive"":1,""metricName"":""Unit"",""refTaxCode"":null,""refTaxName"":null}",2026-08-21 18:25:34.183797+00,2026-08-28 06:30:18.170691+00
328,1,362,Unit,KARUNG@30PACK,true,"{""notes"":"""",""uomID"":362,""uomName"":""KARUNG@30PACK"",""metricID"":1,""flagActive"":1,""metricName"":""Unit"",""refTaxCode"":null,""refTaxName"":null}",2026-08-21 18:25:34.183797+00,2026-08-28 06:30:18.170691+00
329,1,363,Unit,KARUNG@50PACK,true,"{""notes"":"""",""uomID"":363,""uomName"":""KARUNG@50PACK"",""metricID"":1,""flagActive"":1,""metricName"":""Unit"",""refTaxCode"":null,""refTaxName"":null}",2026-08-21 18:25:34.183797+00,2026-08-28 06:30:18.170691+00
330,1,465,Unit,KARUNG@80PACK,true,"{""notes"":"""",""uomID"":465,""uomName"":""KARUNG@80PACK"",""metricID"":1,""flagActive"":1,""metricName"":""Unit"",""refTaxCode"":null,""refTaxName"":null}",2026-08-21 18:25:34.183797+00,2026-08-28 06:30:18.170691+00
331,1,364,Weight,KG,true,"{""notes"":"""",""uomID"":364,""uomName"":""KG"",""metricID"":2,""flagActive"":1,""metricName"":""Weight"",""refTaxCode"":null,""refTaxName"":null}",2026-08-21 18:25:34.183797+00,2026-08-28 06:30:18.170691+00
332,1,365,Unit,KG@1000GR,true,"{""notes"":"""",""uomID"":365,""uomName"":""KG@1000GR"",""metricID"":1,""flagActive"":1,""metricName"":""Unit"",""refTaxCode"":null,""refTaxName"":null}",2026-08-21 18:25:34.183797+00,2026-08-28 06:30:18.170691+00
333,1,366,Unit,KRG@20000GR,true,"{""notes"":"""",""uomID"":366,""uomName"":""KRG@20000GR"",""metricID"":1,""flagActive"":1,""metricName"":""Unit"",""refTaxCode"":null,""refTaxName"":null}",2026-08-21 18:25:34.183797+00,2026-08-28 06:30:18.170691+00
334,1,367,Unit,KRG@4PACK,true,"{""notes"":"""",""uomID"":367,""uomName"":""KRG@4PACK"",""metricID"":1,""flagActive"":1,""metricName"":""Unit"",""refTaxCode"":null,""refTaxName"":null}",2026-08-21 18:25:34.183797+00,2026-08-28 06:30:18.170691+00
335,1,471,Unit,LBR@77PCS,true,"{""notes"":"""",""uomID"":471,""uomName"":""LBR@77PCS"",""metricID"":1,""flagActive"":1,""metricName"":""Unit"",""refTaxCode"":null,""refTaxName"":null}",2026-08-21 18:25:34.183797+00,2026-08-28 06:30:18.170691+00
336,1,463,Unit,LEMBAR,true,"{""notes"":"""",""uomID"":463,""uomName"":""LEMBAR"",""metricID"":1,""flagActive"":1,""metricName"":""Unit"",""refTaxCode"":null,""refTaxName"":null}",2026-08-21 18:25:34.183797+00,2026-08-28 06:30:18.170691+00
337,1,368,Unit,LEMBAR@77PCS,true,"{""notes"":"""",""uomID"":368,""uomName"":""LEMBAR@77PCS"",""metricID"":1,""flagActive"":1,""metricName"":""Unit"",""refTaxCode"":null,""refTaxName"":null}",2026-08-21 18:25:34.183797+00,2026-08-28 06:30:18.170691+00
338,1,369,Unit,PACK,true,"{""notes"":"""",""uomID"":369,""uomName"":""PACK"",""metricID"":1,""flagActive"":1,""metricName"":""Unit"",""refTaxCode"":null,""refTaxName"":null}",2026-08-21 18:25:34.183797+00,2026-08-28 06:30:18.170691+00
339,1,370,Unit,PACK@1000GR,true,"{""notes"":"""",""uomID"":370,""uomName"":""PACK@1000GR"",""metricID"":1,""flagActive"":1,""metricName"":""Unit"",""refTaxCode"":null,""refTaxName"":null}",2026-08-21 18:25:34.183797+00,2026-08-28 06:30:18.170691+00
340,1,371,Unit,PACK@100PCS,true,"{""notes"":"""",""uomID"":371,""uomName"":""PACK@100PCS"",""metricID"":1,""flagActive"":1,""metricName"":""Unit"",""refTaxCode"":null,""refTaxName"":null}",2026-08-21 18:25:34.183797+00,2026-08-28 06:30:18.170691+00
341,1,474,Unit,PACK@102PCS,true,"{""notes"":"""",""uomID"":474,""uomName"":""PACK@102PCS"",""metricID"":1,""flagActive"":1,""metricName"":""Unit"",""refTaxCode"":null,""refTaxName"":null}",2026-08-21 18:25:34.183797+00,2026-08-28 06:30:18.170691+00
342,1,372,Unit,PACK@10PCS,true,"{""notes"":"""",""uomID"":372,""uomName"":""PACK@10PCS"",""metricID"":1,""flagActive"":1,""metricName"":""Unit"",""refTaxCode"":null,""refTaxName"":null}",2026-08-21 18:25:34.183797+00,2026-08-28 06:30:18.170691+00
343,1,373,Unit,PACK@10ROLL,true,"{""notes"":"""",""uomID"":373,""uomName"":""PACK@10ROLL"",""metricID"":1,""flagActive"":1,""metricName"":""Unit"",""refTaxCode"":null,""refTaxName"":null}",2026-08-21 18:25:34.183797+00,2026-08-28 06:30:18.170691+00
344,1,374,Unit,PACK@1100GR,true,"{""notes"":"""",""uomID"":374,""uomName"":""PACK@1100GR"",""metricID"":1,""flagActive"":1,""metricName"":""Unit"",""refTaxCode"":null,""refTaxName"":null}",2026-08-21 18:25:34.183797+00,2026-08-28 06:30:18.170691+00
345,1,375,Unit,PACK@150PCS,true,"{""notes"":"""",""uomID"":375,""uomName"":""PACK@150PCS"",""metricID"":1,""flagActive"":1,""metricName"":""Unit"",""refTaxCode"":null,""refTaxName"":null}",2026-08-21 18:25:34.183797+00,2026-08-28 06:30:18.170691+00
346,1,376,Unit,PACK@152GR,true,"{""notes"":"""",""uomID"":376,""uomName"":""PACK@152GR"",""metricID"":1,""flagActive"":1,""metricName"":""Unit"",""refTaxCode"":null,""refTaxName"":null}",2026-08-21 18:25:34.183797+00,2026-08-28 06:30:18.170691+00
347,1,457,Unit,PACK@1KG,true,"{""notes"":"""",""uomID"":457,""uomName"":""PACK@1KG"",""metricID"":1,""flagActive"":1,""metricName"":""Unit"",""refTaxCode"":null,""refTaxName"":null}",2026-08-21 18:25:34.183797+00,2026-08-28 06:30:18.170691+00
348,1,377,Unit,PACK@2000GR,true,"{""notes"":"""",""uomID"":377,""uomName"":""PACK@2000GR"",""metricID"":1,""flagActive"":1,""metricName"":""Unit"",""refTaxCode"":null,""refTaxName"":null}",2026-08-21 18:25:34.183797+00,2026-08-28 06:30:18.170691+00
349,1,464,Unit,PACK@20PCS,true,"{""notes"":"""",""uomID"":464,""uomName"":""PACK@20PCS"",""metricID"":1,""flagActive"":1,""metricName"":""Unit"",""refTaxCode"":null,""refTaxName"":null}",2026-08-21 18:25:34.183797+00,2026-08-28 06:30:18.170691+00
350,1,378,Unit,PACK@220PCS,true,"{""notes"":"""",""uomID"":378,""uomName"":""PACK@220PCS"",""metricID"":1,""flagActive"":1,""metricName"":""Unit"",""refTaxCode"":null,""refTaxName"":null}",2026-08-21 18:25:34.183797+00,2026-08-28 06:30:18.170691+00
351,1,470,Unit,PACK@2300GR,true,"{""notes"":"""",""uomID"":470,""uomName"":""PACK@2300GR"",""metricID"":1,""flagActive"":1,""metricName"":""Unit"",""refTaxCode"":null,""refTaxName"":null}",2026-08-21 18:25:34.183797+00,2026-08-28 06:30:18.170691+00
352,1,379,Unit,PACK@230GR,true,"{""notes"":"""",""uomID"":379,""uomName"":""PACK@230GR"",""metricID"":1,""flagActive"":1,""metricName"":""Unit"",""refTaxCode"":null,""refTaxName"":null}",2026-08-21 18:25:34.183797+00,2026-08-28 06:30:18.170691+00
353,1,380,Unit,PACK@23PCS,true,"{""notes"":"""",""uomID"":380,""uomName"":""PACK@23PCS"",""metricID"":1,""flagActive"":1,""metricName"":""Unit"",""refTaxCode"":null,""refTaxName"":null}",2026-08-21 18:25:34.183797+00,2026-08-28 06:30:18.170691+00
354,1,381,Unit,PACK@2500GR,true,"{""notes"":"""",""uomID"":381,""uomName"":""PACK@2500GR"",""metricID"":1,""flagActive"":1,""metricName"":""Unit"",""refTaxCode"":null,""refTaxName"":null}",2026-08-21 18:25:34.183797+00,2026-08-28 06:30:18.170691+00
355,1,382,Unit,PACK@25PCS,true,"{""notes"":"""",""uomID"":382,""uomName"":""PACK@25PCS"",""metricID"":1,""flagActive"":1,""metricName"":""Unit"",""refTaxCode"":null,""refTaxName"":null}",2026-08-21 18:25:34.183797+00,2026-08-28 06:30:18.170691+00
356,1,383,Unit,PACK@275PCS,true,"{""notes"":"""",""uomID"":383,""uomName"":""PACK@275PCS"",""metricID"":1,""flagActive"":1,""metricName"":""Unit"",""refTaxCode"":null,""refTaxName"":null}",2026-08-21 18:25:34.183797+00,2026-08-28 06:30:18.170691+00
357,1,476,Unit,PACK@320G,true,"{""notes"":"""",""uomID"":476,""uomName"":""PACK@320G"",""metricID"":1,""flagActive"":1,""metricName"":""Unit"",""refTaxCode"":null,""refTaxName"":null}",2026-08-21 18:25:34.183797+00,2026-08-28 06:30:18.170691+00
358,1,447,Unit,PACK@320GR,true,"{""notes"":"""",""uomID"":447,""uomName"":""PACK@320GR"",""metricID"":1,""flagActive"":1,""metricName"":""Unit"",""refTaxCode"":null,""refTaxName"":null}",2026-08-21 18:25:34.183797+00,2026-08-28 06:30:18.170691+00
359,1,384,Unit,PACK@36PCS,true,"{""notes"":"""",""uomID"":384,""uomName"":""PACK@36PCS"",""metricID"":1,""flagActive"":1,""metricName"":""Unit"",""refTaxCode"":null,""refTaxName"":null}",2026-08-21 18:25:34.183797+00,2026-08-28 06:30:18.170691+00
360,1,385,Unit,PACK@40PCS,true,"{""notes"":"""",""uomID"":385,""uomName"":""PACK@40PCS"",""metricID"":1,""flagActive"":1,""metricName"":""Unit"",""refTaxCode"":null,""refTaxName"":null}",2026-08-21 18:25:34.183797+00,2026-08-28 06:30:18.170691+00
361,1,386,Unit,PACK@442GR,true,"{""notes"":"""",""uomID"":386,""uomName"":""PACK@442GR"",""metricID"":1,""flagActive"":1,""metricName"":""Unit"",""refTaxCode"":null,""refTaxName"":null}",2026-08-21 18:25:34.183797+00,2026-08-28 06:30:18.170691+00
362,1,477,Unit,PACK@500G,true,"{""notes"":"""",""uomID"":477,""uomName"":""PACK@500G"",""metricID"":1,""flagActive"":1,""metricName"":""Unit"",""refTaxCode"":null,""refTaxName"":null}",2026-08-21 18:25:34.183797+00,2026-08-28 06:30:18.170691+00
363,1,387,Unit,PACK@500GR,true,"{""notes"":"""",""uomID"":387,""uomName"":""PACK@500GR"",""metricID"":1,""flagActive"":1,""metricName"":""Unit"",""refTaxCode"":null,""refTaxName"":null}",2026-08-21 18:25:34.183797+00,2026-08-28 06:30:18.170691+00
364,1,388,Unit,PACK@500PCS,true,"{""notes"":"""",""uomID"":388,""uomName"":""PACK@500PCS"",""metricID"":1,""flagActive"":1,""metricName"":""Unit"",""refTaxCode"":null,""refTaxName"":null}",2026-08-21 18:25:34.183797+00,2026-08-28 06:30:18.170691+00
365,1,462,Unit,PACK@50LEMBAR,true,"{""notes"":"""",""uomID"":462,""uomName"":""PACK@50LEMBAR"",""metricID"":1,""flagActive"":1,""metricName"":""Unit"",""refTaxCode"":null,""refTaxName"":null}",2026-08-21 18:25:34.183797+00,2026-08-28 06:30:18.170691+00
366,1,389,Unit,PACK@50PCS,true,"{""notes"":"""",""uomID"":389,""uomName"":""PACK@50PCS"",""metricID"":1,""flagActive"":1,""metricName"":""Unit"",""refTaxCode"":null,""refTaxName"":null}",2026-08-21 18:25:34.183797+00,2026-08-28 06:30:18.170691+00
367,1,390,Unit,PACK@52PCS,true,"{""notes"":"""",""uomID"":390,""uomName"":""PACK@52PCS"",""metricID"":1,""flagActive"":1,""metricName"":""Unit"",""refTaxCode"":null,""refTaxName"":null}",2026-08-21 18:25:34.183797+00,2026-08-28 06:30:18.170691+00
368,1,391,Unit,PACK@5PCS,true,"{""notes"":"""",""uomID"":391,""uomName"":""PACK@5PCS"",""metricID"":1,""flagActive"":1,""metricName"":""Unit"",""refTaxCode"":null,""refTaxName"":null}",2026-08-21 18:25:34.183797+00,2026-08-28 06:30:18.170691+00
369,1,392,Unit,PACK@5ROLL,true,"{""notes"":"""",""uomID"":392,""uomName"":""PACK@5ROLL"",""metricID"":1,""flagActive"":1,""metricName"":""Unit"",""refTaxCode"":null,""refTaxName"":null}",2026-08-21 18:25:34.183797+00,2026-08-28 06:30:18.170691+00
370,1,393,Unit,PACK@6PCS,true,"{""notes"":"""",""uomID"":393,""uomName"":""PACK@6PCS"",""metricID"":1,""flagActive"":1,""metricName"":""Unit"",""refTaxCode"":null,""refTaxName"":null}",2026-08-21 18:25:34.183797+00,2026-08-28 06:30:18.170691+00
371,1,479,Unit,PACK@750ML,true,"{""notes"":"""",""uomID"":479,""uomName"":""PACK@750ML"",""metricID"":1,""flagActive"":1,""metricName"":""Unit"",""refTaxCode"":null,""refTaxName"":null}",2026-08-21 18:25:34.183797+00,2026-08-28 06:30:18.170691+00
372,1,394,Unit,PACK@760GR,true,"{""notes"":"""",""uomID"":394,""uomName"":""PACK@760GR"",""metricID"":1,""flagActive"":1,""metricName"":""Unit"",""refTaxCode"":null,""refTaxName"":null}",2026-08-21 18:25:34.183797+00,2026-08-28 06:30:18.170691+00
373,1,395,Unit,PACK@800GR,true,"{""notes"":"""",""uomID"":395,""uomName"":""PACK@800GR"",""metricID"":1,""flagActive"":1,""metricName"":""Unit"",""refTaxCode"":null,""refTaxName"":null}",2026-08-21 18:25:34.183797+00,2026-08-28 06:30:18.170691+00
374,1,396,Unit,PACK@92PCS,true,"{""notes"":"""",""uomID"":396,""uomName"":""PACK@92PCS"",""metricID"":1,""flagActive"":1,""metricName"":""Unit"",""refTaxCode"":null,""refTaxName"":null}",2026-08-21 18:25:34.183797+00,2026-08-28 06:30:18.170691+00
375,1,397,Unit,PACK@950GR,true,"{""notes"":"""",""uomID"":397,""uomName"":""PACK@950GR"",""metricID"":1,""flagActive"":1,""metricName"":""Unit"",""refTaxCode"":null,""refTaxName"":null}",2026-08-21 18:25:34.183797+00,2026-08-28 06:30:18.170691+00
376,1,452,Unit,PAIL@4000GR (8L),true,"{""notes"":"""",""uomID"":452,""uomName"":""PAIL@4000GR (8L)"",""metricID"":1,""flagActive"":1,""metricName"":""Unit"",""refTaxCode"":null,""refTaxName"":null}",2026-08-21 18:25:34.183797+00,2026-08-28 06:30:18.170691+00
377,1,398,Unit,PAIL@8000GR,true,"{""notes"":"""",""uomID"":398,""uomName"":""PAIL@8000GR"",""metricID"":1,""flagActive"":1,""metricName"":""Unit"",""refTaxCode"":null,""refTaxName"":null}",2026-08-21 18:25:34.183797+00,2026-08-28 06:30:18.170691+00
378,1,469,Unit,PAKET@11000GR,true,"{""notes"":"""",""uomID"":469,""uomName"":""PAKET@11000GR"",""metricID"":1,""flagActive"":1,""metricName"":""Unit"",""refTaxCode"":null,""refTaxName"":null}",2026-08-21 18:25:34.183797+00,2026-08-28 06:30:18.170691+00
379,1,451,Unit,PAKET@12750GR,true,"{""notes"":"""",""uomID"":451,""uomName"":""PAKET@12750GR"",""metricID"":1,""flagActive"":1,""metricName"":""Unit"",""refTaxCode"":null,""refTaxName"":null}",2026-08-21 18:25:34.183797+00,2026-08-28 06:30:18.170691+00
380,1,468,Unit,PAKET@22000GR,true,"{""notes"":"""",""uomID"":468,""uomName"":""PAKET@22000GR"",""metricID"":1,""flagActive"":1,""metricName"":""Unit"",""refTaxCode"":null,""refTaxName"":null}",2026-08-21 18:25:34.183797+00,2026-08-28 06:30:18.170691+00
381,1,453,Unit,PAKET@24750GR,true,"{""notes"":"""",""uomID"":453,""uomName"":""PAKET@24750GR"",""metricID"":1,""flagActive"":1,""metricName"":""Unit"",""refTaxCode"":null,""refTaxName"":null}",2026-08-21 18:25:34.183797+00,2026-08-28 06:30:18.170691+00
382,1,446,Unit,PAKET@25000GR,true,"{""notes"":"""",""uomID"":446,""uomName"":""PAKET@25000GR"",""metricID"":1,""flagActive"":1,""metricName"":""Unit"",""refTaxCode"":null,""refTaxName"":null}",2026-08-21 18:25:34.183797+00,2026-08-28 06:30:18.170691+00
383,1,445,Unit,PAKET@33000GR,true,"{""notes"":""BEW"",""uomID"":445,""uomName"":""PAKET@33000GR"",""metricID"":1,""flagActive"":1,""metricName"":""Unit"",""refTaxCode"":null,""refTaxName"":null}",2026-08-21 18:25:34.183797+00,2026-08-28 06:30:18.170691+00
384,1,467,Unit,PAKET@44000GR,true,"{""notes"":"""",""uomID"":467,""uomName"":""PAKET@44000GR"",""metricID"":1,""flagActive"":1,""metricName"":""Unit"",""refTaxCode"":null,""refTaxName"":null}",2026-08-21 18:25:34.183797+00,2026-08-28 06:30:18.170691+00
385,1,399,Unit,PALLET DOUBLE@5940PCS,true,"{""notes"":"""",""uomID"":399,""uomName"":""PALLET DOUBLE@5940PCS"",""metricID"":1,""flagActive"":1,""metricName"":""Unit"",""refTaxCode"":null,""refTaxName"":null}",2026-08-21 18:25:34.183797+00,2026-08-28 06:30:18.170691+00
386,1,400,Unit,PALLET SINGLE@2970PCS,true,"{""notes"":"""",""uomID"":400,""uomName"":""PALLET SINGLE@2970PCS"",""metricID"":1,""flagActive"":1,""metricName"":""Unit"",""refTaxCode"":null,""refTaxName"":null}",2026-08-21 18:25:34.183797+00,2026-08-28 06:30:18.170691+00
387,1,401,Unit,PALLET SINGLE@9725PCS,true,"{""notes"":"""",""uomID"":401,""uomName"":""PALLET SINGLE@9725PCS"",""metricID"":1,""flagActive"":1,""metricName"":""Unit"",""refTaxCode"":null,""refTaxName"":null}",2026-08-21 18:25:34.183797+00,2026-08-28 06:30:18.170691+00
388,1,402,Unit,PCS,true,"{""notes"":"""",""uomID"":402,""uomName"":""PCS"",""metricID"":1,""flagActive"":1,""metricName"":""Unit"",""refTaxCode"":null,""refTaxName"":null}",2026-08-21 18:25:34.183797+00,2026-08-28 06:30:18.170691+00
389,1,403,Unit,PCS@1000GR,true,"{""notes"":"""",""uomID"":403,""uomName"":""PCS@1000GR"",""metricID"":1,""flagActive"":1,""metricName"":""Unit"",""refTaxCode"":null,""refTaxName"":null}",2026-08-21 18:25:34.183797+00,2026-08-28 06:30:18.170691+00
390,1,404,Unit,PCS@1050GR,true,"{""notes"":"""",""uomID"":404,""uomName"":""PCS@1050GR"",""metricID"":1,""flagActive"":1,""metricName"":""Unit"",""refTaxCode"":null,""refTaxName"":null}",2026-08-21 18:25:34.183797+00,2026-08-28 06:30:18.170691+00
391,1,405,Unit,PCS@1100GR,true,"{""notes"":"""",""uomID"":405,""uomName"":""PCS@1100GR"",""metricID"":1,""flagActive"":1,""metricName"":""Unit"",""refTaxCode"":null,""refTaxName"":null}",2026-08-21 18:25:34.183797+00,2026-08-28 06:30:18.170691+00
392,1,461,Unit,PCS@1200GR,true,"{""notes"":"""",""uomID"":461,""uomName"":""PCS@1200GR"",""metricID"":1,""flagActive"":1,""metricName"":""Unit"",""refTaxCode"":null,""refTaxName"":null}",2026-08-21 18:25:34.183797+00,2026-08-28 06:30:18.170691+00
393,1,406,Unit,PCS@2000GR,true,"{""notes"":"""",""uomID"":406,""uomName"":""PCS@2000GR"",""metricID"":1,""flagActive"":1,""metricName"":""Unit"",""refTaxCode"":null,""refTaxName"":null}",2026-08-21 18:25:34.183797+00,2026-08-28 06:30:18.170691+00
394,1,407,Unit,PCS@200GR,true,"{""notes"":"""",""uomID"":407,""uomName"":""PCS@200GR"",""metricID"":1,""flagActive"":1,""metricName"":""Unit"",""refTaxCode"":null,""refTaxName"":null}",2026-08-21 18:25:34.183797+00,2026-08-28 06:30:18.170691+00
395,1,408,Unit,PCS@2200GR,true,"{""notes"":"""",""uomID"":408,""uomName"":""PCS@2200GR"",""metricID"":1,""flagActive"":1,""metricName"":""Unit"",""refTaxCode"":null,""refTaxName"":null}",2026-08-21 18:25:34.183797+00,2026-08-28 06:30:18.170691+00
396,1,409,Unit,PCS@250GR,true,"{""notes"":"""",""uomID"":409,""uomName"":""PCS@250GR"",""metricID"":1,""flagActive"":1,""metricName"":""Unit"",""refTaxCode"":null,""refTaxName"":null}",2026-08-21 18:25:34.183797+00,2026-08-28 06:30:18.170691+00
397,1,410,Unit,PCS@365GR,true,"{""notes"":"""",""uomID"":410,""uomName"":""PCS@365GR"",""metricID"":1,""flagActive"":1,""metricName"":""Unit"",""refTaxCode"":null,""refTaxName"":null}",2026-08-21 18:25:34.183797+00,2026-08-28 06:30:18.170691+00
398,1,411,Unit,PCS@380GR,true,"{""notes"":"""",""uomID"":411,""uomName"":""PCS@380GR"",""metricID"":1,""flagActive"":1,""metricName"":""Unit"",""refTaxCode"":null,""refTaxName"":null}",2026-08-21 18:25:34.183797+00,2026-08-28 06:30:18.170691+00
399,1,412,Unit,PCS@488GR,true,"{""notes"":"""",""uomID"":412,""uomName"":""PCS@488GR"",""metricID"":1,""flagActive"":1,""metricName"":""Unit"",""refTaxCode"":null,""refTaxName"":null}",2026-08-21 18:25:34.183797+00,2026-08-28 06:30:18.170691+00
400,1,413,Unit,PCS@500GR,true,"{""notes"":"""",""uomID"":413,""uomName"":""PCS@500GR"",""metricID"":1,""flagActive"":1,""metricName"":""Unit"",""refTaxCode"":null,""refTaxName"":null}",2026-08-21 18:25:34.183797+00,2026-08-28 06:30:18.170691+00
401,1,414,Unit,PCS@510GR,true,"{""notes"":"""",""uomID"":414,""uomName"":""PCS@510GR"",""metricID"":1,""flagActive"":1,""metricName"":""Unit"",""refTaxCode"":null,""refTaxName"":null}",2026-08-21 18:25:34.183797+00,2026-08-28 06:30:18.170691+00
402,1,415,Unit,PCS@525GR,true,"{""notes"":"""",""uomID"":415,""uomName"":""PCS@525GR"",""metricID"":1,""flagActive"":1,""metricName"":""Unit"",""refTaxCode"":null,""refTaxName"":null}",2026-08-21 18:25:34.183797+00,2026-08-28 06:30:18.170691+00
403,1,459,Unit,PCS@65GR,true,"{""notes"":"""",""uomID"":459,""uomName"":""PCS@65GR"",""metricID"":1,""flagActive"":1,""metricName"":""Unit"",""refTaxCode"":null,""refTaxName"":null}",2026-08-21 18:25:34.183797+00,2026-08-28 06:30:18.170691+00
404,1,416,Unit,PCS@700GR,true,"{""notes"":"""",""uomID"":416,""uomName"":""PCS@700GR"",""metricID"":1,""flagActive"":1,""metricName"":""Unit"",""refTaxCode"":null,""refTaxName"":null}",2026-08-21 18:25:34.183797+00,2026-08-28 06:30:18.170691+00
405,1,417,Unit,PCS@710GR,true,"{""notes"":"""",""uomID"":417,""uomName"":""PCS@710GR"",""metricID"":1,""flagActive"":1,""metricName"":""Unit"",""refTaxCode"":null,""refTaxName"":null}",2026-08-21 18:25:34.183797+00,2026-08-28 06:30:18.170691+00
406,1,458,Unit,PCS@850GR,true,"{""notes"":"""",""uomID"":458,""uomName"":""PCS@850GR"",""metricID"":1,""flagActive"":1,""metricName"":""Unit"",""refTaxCode"":null,""refTaxName"":null}",2026-08-21 18:25:34.183797+00,2026-08-28 06:30:18.170691+00
407,1,418,Unit,PCS@950GR,true,"{""notes"":"""",""uomID"":418,""uomName"":""PCS@950GR"",""metricID"":1,""flagActive"":1,""metricName"":""Unit"",""refTaxCode"":null,""refTaxName"":null}",2026-08-21 18:25:34.183797+00,2026-08-28 06:30:18.170691+00
408,1,419,Unit,PORSI@1004GR,true,"{""notes"":"""",""uomID"":419,""uomName"":""PORSI@1004GR"",""metricID"":1,""flagActive"":1,""metricName"":""Unit"",""refTaxCode"":null,""refTaxName"":null}",2026-08-21 18:25:34.183797+00,2026-08-28 06:30:18.170691+00
409,1,420,Unit,PORSI@110GR,true,"{""notes"":"""",""uomID"":420,""uomName"":""PORSI@110GR"",""metricID"":1,""flagActive"":1,""metricName"":""Unit"",""refTaxCode"":null,""refTaxName"":null}",2026-08-21 18:25:34.183797+00,2026-08-28 06:30:18.170691+00
410,1,421,Unit,PORSI@145GR,true,"{""notes"":"""",""uomID"":421,""uomName"":""PORSI@145GR"",""metricID"":1,""flagActive"":1,""metricName"":""Unit"",""refTaxCode"":null,""refTaxName"":null}",2026-08-21 18:25:34.183797+00,2026-08-28 06:30:18.170691+00
411,1,422,Unit,PORSI@150GR,true,"{""notes"":"""",""uomID"":422,""uomName"":""PORSI@150GR"",""metricID"":1,""flagActive"":1,""metricName"":""Unit"",""refTaxCode"":null,""refTaxName"":null}",2026-08-21 18:25:34.183797+00,2026-08-28 06:30:18.170691+00
412,1,423,Unit,PORSI@170GR,true,"{""notes"":"""",""uomID"":423,""uomName"":""PORSI@170GR"",""metricID"":1,""flagActive"":1,""metricName"":""Unit"",""refTaxCode"":null,""refTaxName"":null}",2026-08-21 18:25:34.183797+00,2026-08-28 06:30:18.170691+00
413,1,424,Unit,PORSI@190GR,true,"{""notes"":"""",""uomID"":424,""uomName"":""PORSI@190GR"",""metricID"":1,""flagActive"":1,""metricName"":""Unit"",""refTaxCode"":null,""refTaxName"":null}",2026-08-21 18:25:34.183797+00,2026-08-28 06:30:18.170691+00
414,1,425,Unit,PORSI@195GR,true,"{""notes"":"""",""uomID"":425,""uomName"":""PORSI@195GR"",""metricID"":1,""flagActive"":1,""metricName"":""Unit"",""refTaxCode"":null,""refTaxName"":null}",2026-08-21 18:25:34.183797+00,2026-08-28 06:30:18.170691+00
415,1,426,Unit,PORSI@200GR,true,"{""notes"":"""",""uomID"":426,""uomName"":""PORSI@200GR"",""metricID"":1,""flagActive"":1,""metricName"":""Unit"",""refTaxCode"":null,""refTaxName"":null}",2026-08-21 18:25:34.183797+00,2026-08-28 06:30:18.170691+00
416,1,427,Unit,PORSI@210GR,true,"{""notes"":"""",""uomID"":427,""uomName"":""PORSI@210GR"",""metricID"":1,""flagActive"":1,""metricName"":""Unit"",""refTaxCode"":null,""refTaxName"":null}",2026-08-21 18:25:34.183797+00,2026-08-28 06:30:18.170691+00
417,1,428,Unit,PORSI@230GR,true,"{""notes"":"""",""uomID"":428,""uomName"":""PORSI@230GR"",""metricID"":1,""flagActive"":1,""metricName"":""Unit"",""refTaxCode"":null,""refTaxName"":null}",2026-08-21 18:25:34.183797+00,2026-08-28 06:30:18.170691+00
418,1,429,Unit,PORSI@231GR,true,"{""notes"":"""",""uomID"":429,""uomName"":""PORSI@231GR"",""metricID"":1,""flagActive"":1,""metricName"":""Unit"",""refTaxCode"":null,""refTaxName"":null}",2026-08-21 18:25:34.183797+00,2026-08-28 06:30:18.170691+00
419,1,430,Unit,PORSI@290GR,true,"{""notes"":"""",""uomID"":430,""uomName"":""PORSI@290GR"",""metricID"":1,""flagActive"":1,""metricName"":""Unit"",""refTaxCode"":null,""refTaxName"":null}",2026-08-21 18:25:34.183797+00,2026-08-28 06:30:18.170691+00
420,1,431,Unit,PORSI@300GR,true,"{""notes"":"""",""uomID"":431,""uomName"":""PORSI@300GR"",""metricID"":1,""flagActive"":1,""metricName"":""Unit"",""refTaxCode"":null,""refTaxName"":null}",2026-08-21 18:25:34.183797+00,2026-08-28 06:30:18.170691+00
421,1,432,Unit,PORSI@314GR,true,"{""notes"":"""",""uomID"":432,""uomName"":""PORSI@314GR"",""metricID"":1,""flagActive"":1,""metricName"":""Unit"",""refTaxCode"":null,""refTaxName"":null}",2026-08-21 18:25:34.183797+00,2026-08-28 06:30:18.170691+00
422,1,455,Unit,PORSI@4PCS,true,"{""notes"":"""",""uomID"":455,""uomName"":""PORSI@4PCS"",""metricID"":1,""flagActive"":1,""metricName"":""Unit"",""refTaxCode"":null,""refTaxName"":null}",2026-08-21 18:25:34.183797+00,2026-08-28 06:30:18.170691+00
423,1,433,Unit,PORSI@5015GR,true,"{""notes"":"""",""uomID"":433,""uomName"":""PORSI@5015GR"",""metricID"":1,""flagActive"":1,""metricName"":""Unit"",""refTaxCode"":null,""refTaxName"":null}",2026-08-21 18:25:34.183797+00,2026-08-28 06:30:18.170691+00
424,1,434,Unit,PORSI@5025GR,true,"{""notes"":"""",""uomID"":434,""uomName"":""PORSI@5025GR"",""metricID"":1,""flagActive"":1,""metricName"":""Unit"",""refTaxCode"":null,""refTaxName"":null}",2026-08-21 18:25:34.183797+00,2026-08-28 06:30:18.170691+00
425,1,435,Unit,PORSI@900GR,true,"{""notes"":"""",""uomID"":435,""uomName"":""PORSI@900GR"",""metricID"":1,""flagActive"":1,""metricName"":""Unit"",""refTaxCode"":null,""refTaxName"":null}",2026-08-21 18:25:34.183797+00,2026-08-28 06:30:18.170691+00
426,1,480,Unit,POUCH@1300GR,true,"{""notes"":"""",""uomID"":480,""uomName"":""POUCH@1300GR"",""metricID"":1,""flagActive"":1,""metricName"":""Unit"",""refTaxCode"":null,""refTaxName"":null}",2026-08-21 18:25:34.183797+00,2026-08-28 06:30:18.170691+00
427,1,436,Unit,ROLL,true,"{""notes"":"""",""uomID"":436,""uomName"":""ROLL"",""metricID"":1,""flagActive"":1,""metricName"":""Unit"",""refTaxCode"":null,""refTaxName"":null}",2026-08-21 18:25:34.183797+00,2026-08-28 06:30:18.170691+00
428,1,437,Unit,ROLL@1000PCS,true,"{""notes"":"""",""uomID"":437,""uomName"":""ROLL@1000PCS"",""metricID"":1,""flagActive"":1,""metricName"":""Unit"",""refTaxCode"":null,""refTaxName"":null}",2026-08-21 18:25:34.183797+00,2026-08-28 06:30:18.170691+00
429,1,478,Unit,ROLL@800PCS,true,"{""notes"":"""",""uomID"":478,""uomName"":""ROLL@800PCS"",""metricID"":1,""flagActive"":1,""metricName"":""Unit"",""refTaxCode"":null,""refTaxName"":null}",2026-08-21 18:25:34.183797+00,2026-08-28 06:30:18.170691+00
430,1,475,Unit,SET,true,"{""notes"":"""",""uomID"":475,""uomName"":""SET"",""metricID"":1,""flagActive"":1,""metricName"":""Unit"",""refTaxCode"":null,""refTaxName"":null}",2026-08-21 18:25:34.183797+00,2026-08-28 06:30:18.170691+00
431,1,438,Unit,SISIR@15PCS,true,"{""notes"":"""",""uomID"":438,""uomName"":""SISIR@15PCS"",""metricID"":1,""flagActive"":1,""metricName"":""Unit"",""refTaxCode"":null,""refTaxName"":null}",2026-08-21 18:25:34.183797+00,2026-08-28 06:30:18.170691+00
432,1,439,Unit,TABUNG,true,"{""notes"":"""",""uomID"":439,""uomName"":""TABUNG"",""metricID"":1,""flagActive"":1,""metricName"":""Unit"",""refTaxCode"":null,""refTaxName"":null}",2026-08-21 18:25:34.183797+00,2026-08-28 06:30:18.170691+00
433,1,441,Unit,TANK@12000GR,true,"{""notes"":""BEW"",""uomID"":441,""uomName"":""TANK@12000GR"",""metricID"":1,""flagActive"":1,""metricName"":""Unit"",""refTaxCode"":null,""refTaxName"":null}",2026-08-21 18:25:34.183797+00,2026-08-28 06:30:18.170691+00
434,1,442,Unit,TANK@18000GR,true,"{""notes"":""BEW"",""uomID"":442,""uomName"":""TANK@18000GR"",""metricID"":1,""flagActive"":1,""metricName"":""Unit"",""refTaxCode"":null,""refTaxName"":null}",2026-08-21 18:25:34.183797+00,2026-08-28 06:30:18.170691+00
435,1,443,Unit,TANK@24000GR,true,"{""notes"":""BEW"",""uomID"":443,""uomName"":""TANK@24000GR"",""metricID"":1,""flagActive"":1,""metricName"":""Unit"",""refTaxCode"":null,""refTaxName"":null}",2026-08-21 18:25:34.183797+00,2026-08-28 06:30:18.170691+00
436,1,440,Unit,TANK@6000GR,true,"{""notes"":""BEW"",""uomID"":440,""uomName"":""TANK@6000GR"",""metricID"":1,""flagActive"":1,""metricName"":""Unit"",""refTaxCode"":null,""refTaxName"":null}",2026-08-21 18:25:34.183797+00,2026-08-28 06:30:18.170691+00
437,1,454,Unit,UNIT,true,"{""notes"":"""",""uomID"":454,""uomName"":""UNIT"",""metricID"":1,""flagActive"":1,""metricName"":""Unit"",""refTaxCode"":null,""refTaxName"":null}",2026-08-21 18:25:34.183797+00,2026-08-28 06:30:18.170691+00
438,6,171,Unit,BALL@100PCS,true,{},2026-08-21 18:25:34.183797+00,2026-08-21 18:36:19.486079+00
439,6,172,Unit,BALL@10PACK,true,{},2026-08-21 18:25:34.183797+00,2026-08-21 18:36:19.486079+00
440,6,173,Unit,BALL@12PCS,true,{},2026-08-21 18:25:34.183797+00,2026-08-21 18:36:19.486079+00
441,6,174,Unit,BALL@250PCS,true,{},2026-08-21 18:25:34.183797+00,2026-08-21 18:36:19.486079+00
442,6,175,Unit,BALL@25PCS,true,{},2026-08-21 18:25:34.183797+00,2026-08-21 18:36:19.486079+00
443,6,176,Unit,BALL@50PACK,true,{},2026-08-21 18:25:34.183797+00,2026-08-21 18:36:19.486079+00
444,6,177,Unit,BALL@50PCS,true,{},2026-08-21 18:25:34.183797+00,2026-08-21 18:36:19.486079+00
445,6,321,Unit,BATCH@19350GR,true,{},2026-08-21 18:25:34.183797+00,2026-08-21 18:36:19.486079+00
446,6,302,Unit,BATCH@2000GR,true,{},2026-08-21 18:25:34.183797+00,2026-08-21 18:36:19.486079+00
447,6,309,Unit,BATCH@23295GR,true,{},2026-08-21 18:25:34.183797+00,2026-08-21 18:36:19.486079+00
448,6,318,Unit,BATCH@23600GR,true,{},2026-08-21 18:25:34.183797+00,2026-08-21 18:36:19.486079+00
449,6,311,Unit,BATCH@24400ML,true,{},2026-08-21 18:25:34.183797+00,2026-08-21 18:36:19.486079+00
450,6,310,Unit,BATCH@24800ML,true,{},2026-08-21 18:25:34.183797+00,2026-08-21 18:36:19.486079+00
451,6,319,Unit,BATCH@25800ML,true,{},2026-08-21 18:25:34.183797+00,2026-08-21 18:36:19.486079+00
452,6,304,Unit,BATCH@3000GR,true,{},2026-08-21 18:25:34.183797+00,2026-08-21 18:36:19.486079+00
453,6,305,Unit,BATCH@3200GR,true,{},2026-08-21 18:25:34.183797+00,2026-08-21 18:36:19.486079+00
454,6,178,Unit,BOX@100PCS,true,{},2026-08-21 18:25:34.183797+00,2026-08-21 18:36:19.486079+00
455,6,179,Unit,BTL,true,{},2026-08-21 18:25:34.183797+00,2026-08-21 18:36:19.486079+00
456,6,314,Unit,BTL@1000GR,true,{},2026-08-21 18:25:34.183797+00,2026-08-21 18:36:19.486079+00
457,6,180,Unit,BTL@1040GR,true,{},2026-08-21 18:25:34.183797+00,2026-08-21 18:36:19.486079+00
458,6,181,Unit,BTL@1130GR,true,{},2026-08-21 18:25:34.183797+00,2026-08-21 18:36:19.486079+00
459,6,182,Unit,BTL@1270GR,true,{},2026-08-21 18:25:34.183797+00,2026-08-21 18:36:19.486079+00
460,6,183,Unit,BTL@1300GR,true,{},2026-08-21 18:25:34.183797+00,2026-08-21 18:36:19.486079+00
461,6,184,Unit,BTL@2100GR,true,{},2026-08-21 18:25:34.183797+00,2026-08-21 18:36:19.486079+00
462,6,185,Unit,BTL@2480GR,true,{},2026-08-21 18:25:34.183797+00,2026-08-21 18:36:19.486079+00
463,6,186,Unit,BTL@250GR,true,{},2026-08-21 18:25:34.183797+00,2026-08-21 18:36:19.486079+00
464,6,187,Unit,BTL@300GR,true,{},2026-08-21 18:25:34.183797+00,2026-08-21 18:36:19.486079+00
465,6,188,Unit,BTL@550GR,true,{},2026-08-21 18:25:34.183797+00,2026-08-21 18:36:19.486079+00
466,6,313,Unit,BTL@750GR,true,{},2026-08-21 18:25:34.183797+00,2026-08-21 18:36:19.486079+00
467,6,312,Unit,BTL@760GR,true,{},2026-08-21 18:25:34.183797+00,2026-08-21 18:36:19.486079+00
468,6,189,Unit,BTL@775GR,true,{},2026-08-21 18:25:34.183797+00,2026-08-21 18:36:19.486079+00
469,6,190,Unit,BTL@850GR,true,{},2026-08-21 18:25:34.183797+00,2026-08-21 18:36:19.486079+00
470,6,191,Unit,BTL@930GR,true,{},2026-08-21 18:25:34.183797+00,2026-08-21 18:36:19.486079+00
471,6,192,Unit,BTL@960GR,true,{},2026-08-21 18:25:34.183797+00,2026-08-21 18:36:19.486079+00
472,6,193,Unit,CTN,true,{},2026-08-21 18:25:34.183797+00,2026-08-21 18:36:19.486079+00
473,6,194,Unit,CTN@104PACK,true,{},2026-08-21 18:25:34.183797+00,2026-08-21 18:36:19.486079+00
474,6,195,Unit,CTN@10BOX,true,{},2026-08-21 18:25:34.183797+00,2026-08-21 18:36:19.486079+00
475,6,315,Unit,CTN@10BTL,true,{},2026-08-21 18:25:34.183797+00,2026-08-21 18:36:19.486079+00
476,6,196,Unit,CTN@10PACK,true,{},2026-08-21 18:25:34.183797+00,2026-08-21 18:36:19.486079+00
477,6,197,Unit,CTN@10PCS,true,{},2026-08-21 18:25:34.183797+00,2026-08-21 18:36:19.486079+00
478,6,198,Unit,CTN@12BTL,true,{},2026-08-21 18:25:34.183797+00,2026-08-21 18:36:19.486079+00
479,6,199,Unit,CTN@12PACK,true,{},2026-08-21 18:25:34.183797+00,2026-08-21 18:36:19.486079+00
480,6,200,Unit,CTN@12PCS,true,{},2026-08-21 18:25:34.183797+00,2026-08-21 18:36:19.486079+00
481,6,201,Unit,CTN@12ROLL,true,{},2026-08-21 18:25:34.183797+00,2026-08-21 18:36:19.486079+00
482,6,202,Unit,CTN@14PCS,true,{},2026-08-21 18:25:34.183797+00,2026-08-21 18:36:19.486079+00
483,6,203,Unit,CTN@15PACK,true,{},2026-08-21 18:25:34.183797+00,2026-08-21 18:36:19.486079+00
484,6,204,Unit,CTN@16BTL,true,{},2026-08-21 18:25:34.183797+00,2026-08-21 18:36:19.486079+00
485,6,205,Unit,CTN@16PCS,true,{},2026-08-21 18:25:34.183797+00,2026-08-21 18:36:19.486079+00
486,6,206,Unit,CTN@20BALL,true,{},2026-08-21 18:25:34.183797+00,2026-08-21 18:36:19.486079+00
487,6,316,Unit,CTN@20BTL,true,{},2026-08-21 18:25:34.183797+00,2026-08-21 18:36:19.486079+00
488,6,207,Unit,CTN@20PACK,true,{},2026-08-21 18:25:34.183797+00,2026-08-21 18:36:19.486079+00
489,6,208,Unit,CTN@20PCS,true,{},2026-08-21 18:25:34.183797+00,2026-08-21 18:36:19.486079+00
490,6,209,Unit,CTN@21PCS,true,{},2026-08-21 18:25:34.183797+00,2026-08-21 18:36:19.486079+00
491,6,210,Unit,CTN@24BTL,true,{},2026-08-21 18:25:34.183797+00,2026-08-21 18:36:19.486079+00
492,6,211,Unit,CTN@24PACK,true,{},2026-08-21 18:25:34.183797+00,2026-08-21 18:36:19.486079+00
493,6,212,Unit,CTN@24PCS,true,{},2026-08-21 18:25:34.183797+00,2026-08-21 18:36:19.486079+00
494,6,213,Unit,CTN@24ROLL,true,{},2026-08-21 18:25:34.183797+00,2026-08-21 18:36:19.486079+00
495,6,214,Unit,CTN@2PACK,true,{},2026-08-21 18:25:34.183797+00,2026-08-21 18:36:19.486079+00
496,6,215,Unit,CTN@3BTL,true,{},2026-08-21 18:25:34.183797+00,2026-08-21 18:36:19.486079+00
497,6,317,Unit,CTN@40BALL,true,{},2026-08-21 18:25:34.183797+00,2026-08-21 18:36:19.486079+00
498,6,216,Unit,CTN@40PACK,true,{},2026-08-21 18:25:34.183797+00,2026-08-21 18:36:19.486079+00
499,6,217,Unit,CTN@40PCS,true,{},2026-08-21 18:25:34.183797+00,2026-08-21 18:36:19.486079+00
500,6,218,Unit,CTN@48PCS,true,{},2026-08-21 18:25:34.183797+00,2026-08-21 18:36:19.486079+00
501,6,219,Unit,CTN@4PACK,true,{},2026-08-21 18:25:34.183797+00,2026-08-21 18:36:19.486079+00
502,6,220,Unit,CTN@500PACK,true,{},2026-08-21 18:25:34.183797+00,2026-08-21 18:36:19.486079+00
503,6,221,Unit,CTN@60PCS,true,{},2026-08-21 18:25:34.183797+00,2026-08-21 18:36:19.486079+00
504,6,222,Unit,CTN@6BTL,true,{},2026-08-21 18:25:34.183797+00,2026-08-21 18:36:19.486079+00
505,6,223,Unit,CTN@6JAR,true,{},2026-08-21 18:25:34.183797+00,2026-08-21 18:36:19.486079+00
506,6,224,Unit,CTN@6PACK,true,{},2026-08-21 18:25:34.183797+00,2026-08-21 18:36:19.486079+00
507,6,225,Unit,CTN@6PCS,true,{},2026-08-21 18:25:34.183797+00,2026-08-21 18:36:19.486079+00
508,6,226,Unit,CTN@6ROLL,true,{},2026-08-21 18:25:34.183797+00,2026-08-21 18:36:19.486079+00
509,6,227,Unit,CTN@78PACK,true,{},2026-08-21 18:25:34.183797+00,2026-08-21 18:36:19.486079+00
510,6,228,Unit,CTN@8PACK,true,{},2026-08-21 18:25:34.183797+00,2026-08-21 18:36:19.486079+00
511,6,229,Unit,GALON@18000GR,true,{},2026-08-21 18:25:34.183797+00,2026-08-21 18:36:19.486079+00
512,6,230,Unit,GALON@19000GR,true,{},2026-08-21 18:25:34.183797+00,2026-08-21 18:36:19.486079+00
513,6,231,Weight,GR,true,{},2026-08-21 18:25:34.183797+00,2026-08-21 18:36:19.486079+00
514,6,232,Unit,IKAT@10PCS,true,{},2026-08-21 18:25:34.183797+00,2026-08-21 18:36:19.486079+00
515,6,233,Unit,JAR@1000GR,true,{},2026-08-21 18:25:34.183797+00,2026-08-21 18:36:19.486079+00
516,6,234,Unit,JAR@700GR,true,{},2026-08-21 18:25:34.183797+00,2026-08-21 18:36:19.486079+00
517,6,235,Unit,JRG,true,{},2026-08-21 18:25:34.183797+00,2026-08-21 18:36:19.486079+00
518,6,236,Unit,JRG@18000GR,true,{},2026-08-21 18:25:34.183797+00,2026-08-21 18:36:19.486079+00
519,6,237,Unit,JRG@6200GR,true,{},2026-08-21 18:25:34.183797+00,2026-08-21 18:36:19.486079+00
520,6,238,Unit,KANTONG@20000GR,true,{},2026-08-21 18:25:34.183797+00,2026-08-21 18:36:19.486079+00
521,6,239,Unit,KARUNG@100PACK,true,{},2026-08-21 18:25:34.183797+00,2026-08-21 18:36:19.486079+00
522,6,240,Unit,KARUNG@125PACK,true,{},2026-08-21 18:25:34.183797+00,2026-08-21 18:36:19.486079+00
523,6,301,Unit,KARUNG@25KG,true,{},2026-08-21 18:25:34.183797+00,2026-08-21 18:36:19.486079+00
524,6,241,Unit,KARUNG@30PACK,true,{},2026-08-21 18:25:34.183797+00,2026-08-21 18:36:19.486079+00
525,6,242,Unit,KARUNG@50PACK,true,{},2026-08-21 18:25:34.183797+00,2026-08-21 18:36:19.486079+00
526,6,320,Unit,KARUNG@80PACK,true,{},2026-08-21 18:25:34.183797+00,2026-08-21 18:36:19.486079+00
527,6,243,Weight,KG,true,{},2026-08-21 18:25:34.183797+00,2026-08-21 18:36:19.486079+00
528,6,244,Unit,KG@1000GR,true,{},2026-08-21 18:25:34.183797+00,2026-08-21 18:36:19.486079+00
529,6,245,Unit,KRG@20000GR,true,{},2026-08-21 18:25:34.183797+00,2026-08-21 18:36:19.486079+00
530,6,246,Unit,KRG@4PACK,true,{},2026-08-21 18:25:34.183797+00,2026-08-21 18:36:19.486079+00
531,6,247,Unit,LEMBAR@54PCS,true,{},2026-08-21 18:25:34.183797+00,2026-08-21 18:36:19.486079+00
532,6,248,Unit,PACK,true,{},2026-08-21 18:25:34.183797+00,2026-08-21 18:36:19.486079+00
533,6,249,Unit,PACK@1000GR,true,{},2026-08-21 18:25:34.183797+00,2026-08-21 18:36:19.486079+00
534,6,250,Unit,PACK@100PCS,true,{},2026-08-21 18:25:34.183797+00,2026-08-21 18:36:19.486079+00
535,6,251,Unit,PACK@10PCS,true,{},2026-08-21 18:25:34.183797+00,2026-08-21 18:36:19.486079+00
536,6,252,Unit,PACK@10ROLL,true,{},2026-08-21 18:25:34.183797+00,2026-08-21 18:36:19.486079+00
537,6,253,Unit,PACK@1100GR,true,{},2026-08-21 18:25:34.183797+00,2026-08-21 18:36:19.486079+00
538,6,254,Unit,PACK@150PCS,true,{},2026-08-21 18:25:34.183797+00,2026-08-21 18:36:19.486079+00
539,6,255,Unit,PACK@152GR,true,{},2026-08-21 18:25:34.183797+00,2026-08-21 18:36:19.486079+00
540,6,322,Unit,PACK@1KG,true,{},2026-08-21 18:25:34.183797+00,2026-08-21 18:36:19.486079+00
541,6,256,Unit,PACK@2000GR,true,{},2026-08-21 18:25:34.183797+00,2026-08-21 18:36:19.486079+00
542,6,257,Unit,PACK@220PCS,true,{},2026-08-21 18:25:34.183797+00,2026-08-21 18:36:19.486079+00
543,6,258,Unit,PACK@230GR,true,{},2026-08-21 18:25:34.183797+00,2026-08-21 18:36:19.486079+00
544,6,259,Unit,PACK@23PCS,true,{},2026-08-21 18:25:34.183797+00,2026-08-21 18:36:19.486079+00
545,6,260,Unit,PACK@2500GR,true,{},2026-08-21 18:25:34.183797+00,2026-08-21 18:36:19.486079+00
546,6,261,Unit,PACK@25PCS,true,{},2026-08-21 18:25:34.183797+00,2026-08-21 18:36:19.486079+00
547,6,262,Unit,PACK@275PCS,true,{},2026-08-21 18:25:34.183797+00,2026-08-21 18:36:19.486079+00
548,6,263,Unit,PACK@36PCS,true,{},2026-08-21 18:25:34.183797+00,2026-08-21 18:36:19.486079+00
549,6,264,Unit,PACK@40PCS,true,{},2026-08-21 18:25:34.183797+00,2026-08-21 18:36:19.486079+00
550,6,265,Unit,PACK@442GR,true,{},2026-08-21 18:25:34.183797+00,2026-08-21 18:36:19.486079+00
551,6,266,Unit,PACK@500GR,true,{},2026-08-21 18:25:34.183797+00,2026-08-21 18:36:19.486079+00
552,6,267,Unit,PACK@500PCS,true,{},2026-08-21 18:25:34.183797+00,2026-08-21 18:36:19.486079+00
553,6,268,Unit,PACK@50PCS,true,{},2026-08-21 18:25:34.183797+00,2026-08-21 18:36:19.486079+00
554,6,269,Unit,PACK@52PCS,true,{},2026-08-21 18:25:34.183797+00,2026-08-21 18:36:19.486079+00
555,6,270,Unit,PACK@5PCS,true,{},2026-08-21 18:25:34.183797+00,2026-08-21 18:36:19.486079+00
556,6,271,Unit,PACK@5ROLL,true,{},2026-08-21 18:25:34.183797+00,2026-08-21 18:36:19.486079+00
557,6,272,Unit,PACK@6PCS,true,{},2026-08-21 18:25:34.183797+00,2026-08-21 18:36:19.486079+00
558,6,273,Unit,PACK@760GR,true,{},2026-08-21 18:25:34.183797+00,2026-08-21 18:36:19.486079+00
559,6,274,Unit,PACK@800GR,true,{},2026-08-21 18:25:34.183797+00,2026-08-21 18:36:19.486079+00
560,6,275,Unit,PACK@92PCS,true,{},2026-08-21 18:25:34.183797+00,2026-08-21 18:36:19.486079+00
561,6,276,Unit,PACK@950GR,true,{},2026-08-21 18:25:34.183797+00,2026-08-21 18:36:19.486079+00
562,6,277,Unit,PAIL@8000GR,true,{},2026-08-21 18:25:34.183797+00,2026-08-21 18:36:19.486079+00
563,6,278,Unit,PALLET DOUBLE@5940PCS,true,{},2026-08-21 18:25:34.183797+00,2026-08-21 18:36:19.486079+00
564,6,279,Unit,PALLET SINGLE@2970PCS,true,{},2026-08-21 18:25:34.183797+00,2026-08-21 18:36:19.486079+00
565,6,280,Unit,PALLET SINGLE@9725PCS,true,{},2026-08-21 18:25:34.183797+00,2026-08-21 18:36:19.486079+00
566,6,281,Unit,PCS,true,{},2026-08-21 18:25:34.183797+00,2026-08-21 18:36:19.486079+00
567,6,282,Unit,PCS@1000GR,true,{},2026-08-21 18:25:34.183797+00,2026-08-21 18:36:19.486079+00
568,6,283,Unit,PCS@1050GR,true,{},2026-08-21 18:25:34.183797+00,2026-08-21 18:36:19.486079+00
569,6,284,Unit,PCS@1100GR,true,{},2026-08-21 18:25:34.183797+00,2026-08-21 18:36:19.486079+00
570,6,285,Unit,PCS@2000GR,true,{},2026-08-21 18:25:34.183797+00,2026-08-21 18:36:19.486079+00
571,6,286,Unit,PCS@200GR,true,{},2026-08-21 18:25:34.183797+00,2026-08-21 18:36:19.486079+00
572,6,287,Unit,PCS@2200GR,true,{},2026-08-21 18:25:34.183797+00,2026-08-21 18:36:19.486079+00
573,6,288,Unit,PCS@250GR,true,{},2026-08-21 18:25:34.183797+00,2026-08-21 18:36:19.486079+00
574,6,289,Unit,PCS@365GR,true,{},2026-08-21 18:25:34.183797+00,2026-08-21 18:36:19.486079+00
575,6,290,Unit,PCS@380GR,true,{},2026-08-21 18:25:34.183797+00,2026-08-21 18:36:19.486079+00
576,6,291,Unit,PCS@488GR,true,{},2026-08-21 18:25:34.183797+00,2026-08-21 18:36:19.486079+00
577,6,292,Unit,PCS@500GR,true,{},2026-08-21 18:25:34.183797+00,2026-08-21 18:36:19.486079+00
578,6,293,Unit,PCS@510GR,true,{},2026-08-21 18:25:34.183797+00,2026-08-21 18:36:19.486079+00
579,6,294,Unit,PCS@525GR,true,{},2026-08-21 18:25:34.183797+00,2026-08-21 18:36:19.486079+00
580,6,295,Unit,PCS@700GR,true,{},2026-08-21 18:25:34.183797+00,2026-08-21 18:36:19.486079+00
581,6,296,Unit,PCS@710GR,true,{},2026-08-21 18:25:34.183797+00,2026-08-21 18:36:19.486079+00
582,6,297,Unit,PCS@950GR,true,{},2026-08-21 18:25:34.183797+00,2026-08-21 18:36:19.486079+00
583,6,303,Unit,PORSI@145GR,true,{},2026-08-21 18:25:34.183797+00,2026-08-21 18:36:19.486079+00
584,6,307,Unit,PORSI@200GR,true,{},2026-08-21 18:25:34.183797+00,2026-08-21 18:36:19.486079+00
585,6,308,Unit,PORSI@210GR,true,{},2026-08-21 18:25:34.183797+00,2026-08-21 18:36:19.486079+00
586,6,306,Unit,PORSI@230GR,true,{},2026-08-21 18:25:34.183797+00,2026-08-21 18:36:19.486079+00
587,6,298,Unit,ROLL,true,{},2026-08-21 18:25:34.183797+00,2026-08-21 18:36:19.486079+00
588,6,299,Unit,ROLL@1000PCS,true,{},2026-08-21 18:25:34.183797+00,2026-08-21 18:36:19.486079+00
589,6,324,Unit,ROLL@800PCS,true,{},2026-08-21 18:25:34.183797+00,2026-08-21 18:36:19.486079+00
590,6,300,Unit,TABUNG,true,{},2026-08-21 18:25:34.183797+00,2026-08-21 18:36:19.486079+00
591,6,323,Unit,UNIT,true,{},2026-08-21 18:25:34.183797+00,2026-08-21 18:36:19.486079+00